Workbook
Name Slicer_Diabetes_Status: #N/A
Name Slicer_Weight_Status: #N/A

Sheet CUSTOMER NAMES
A1: Customer ID | B1: name
A2: Id1 | B2: Hawks, Ms. Kelly
A3: Id2 | B3: Lehner, Mr. Matthew D
A4: Id3 | B4: Lu, Mr. Phil
A5: Id4 | B5: Osborne, Ms. Kelsey
A6: Id5 | B6: Kadala, Ms. Kristyn
A7: Id6 | B7: Baker, Mr. Russell B.
A8: Id7 | B8: Macpherson, Mr. Scott
A9: Id8 | B9: Hallman, Mr. Stephen
A10: Id9 | B10: Moran, Mr. Patrick R.
A11: Id10 | B11: Benner, Ms. Brooke N.
A12: Id11 | B12: Fierro Vargas, Ms. Paola Andrea
... A2336: Id2335 | B2336: German, Mr. Aaron K

Sheet MEDICAL EXAMINATIONS
A1: Customer ID | B1: BMI | C1: HBA1C | D1: Heart Issues | E1: Any Transplants | F1: Cancer history | G1: NumberOfMajorSurgeries | H1: smoker
A2: Id1 | B2: 47.41 | C2: 7.47 | D2: No | E2: No | F2: No | G2: No major surgery | H2: yes
A3: Id2 | B3: 30.36 | C3: 5.77 | D3: No | E3: No | F3: No | G3: No major surgery | H3: yes
A4: Id3 | B4: 34.485 | C4: 11.87 | D4: yes | E4: No | F4: No | G4: 2 | H4: yes
A5: Id4 | B5: 38.095 | C5: 6.05 | D5: No | E5: No | F5: No | G5: No major surgery | H5: yes
A6: Id5 | B6: 35.53 | C6: 5.45 | D6: No | E6: No | F6: No | G6: No major surgery | H6: yes
A7: Id6 | B7: 32.8 | C7: 6.59 | D7: No | E7: No | F7: No | G7: No major surgery | H7: yes
A8: Id7 | B8: 36.4 | C8: 6.07 | D8: No | E8: No | F8: No | G8: No major surgery | H8: yes
A9: Id8 | B9: 36.96 | C9: 7.93 | D9: No | E9: No | F9: No | G9: 3 | H9: yes
A10: Id9 | B10: 41.14 | C10: 9.58 | D10: yes | E10: No | F10: Yes | G10: 1 | H10: yes
A11: Id10 | B11: 38.06 | C11: 10.79 | D11: No | E11: No | F11: No | G11: No major surgery | H11: yes
A12: Id11 | B12: 37.7 | C12: 5.96 | D12: yes | E12: No | F12: No | G12: 2 | H12: yes
A13: Id12 | B13: 42.13 | C13: 11.9 | D13: No | E13: No | F13: No | G13: No major surgery | H13: yes
A14: Id13 | B14: 40.92 | C14: 8.41 | D14: No | E14: No | F14: No | G14: No major surgery | H14: yes
A15: Id14 | B15: 40.565 | C15: 7.02 | D15: No | E15: No | F15: No | G15: No major surgery | H15: yes
A16: Id15 | B16: 36.385 | C16: 7.59 | D16: yes | E16: No | F16: No | G16: 2 | H16: yes
A17: Id16 | B17: 39.9 | C17: 11.32 | D17: No | E17: No | F17: No | G17: No major surgery | H17: yes
A18: Id17 | B18: 33.8 | C18: 7.67 | D18: No | E18: No | F18: No | G18: 3 | H18: yes
A19: Id18 | B19: 36.765 | C19: 7.29 | D19: yes | E19: No | F19: Yes | G19: 1 | H19: yes
A20: Id19 | B20: 36.955 | C20: 4.72 | D20: yes | E20: No | F20: No | G20: 1 | H20: yes
A21: Id20 | B21: 42.9 | C21: 11.41 | D21: No | E21: No | F21: No | G21: No major surgery | H21: yes
A22: Id21 | B22: 36.3 | C22: 11.5 | D22: yes | E22: No | F22: No | G22: 2 | H22: yes
A23: Id22 | B23: 32.2 | C23: 6.22 | D23: yes | E23: No | F23: No | G23: 2 | H23: yes
A24: Id23 | B24: 31.3 | C24: 11.38 | D24: No | E24: No | F24: No | G24: 3 | H24: yes
A25: Id24 | B25: 41.8 | C25: 7.89 | D25: yes | E25: No | F25: No | G25: 2 | H25: yes
A26: Id25 | B26: 35.09 | C26: 4.38 | D26: yes | E26: No | F26: No | G26: 2 | H26: yes
A27: Id26 | B27: 33.88 | C27: 7.01 | D27: No | E27: No | F27: No | G27: 3 | H27: yes
A28: Id27 | B28: 30.875 | C28: 11.88 | D28: No | E28: No | F28: No | G28: No major surgery | H28: yes
A29: Id28 | B29: 36.86 | C29: 5.19 | D29: yes | E29: No | F29: Yes | G29: 1 | H29: yes
A30: Id29 | B30: 35.86 | C30: 6.74 | D30: yes | E30: No | F30: No | G30: 2 | H30: yes
A31: Id30 | B31: 37.05 | C31: 8.44 | D31: No | E31: No | F31: No | G31: No major surgery | H31: yes
A32: Id31 | B32: 43.89 | C32: 8.71 | D32: No | E32: No | F32: No | G32: No major surgery | H32: yes
A33: Id32 | B33: 42.35 | C33: 5.08 | D33: yes | E33: No | F33: No | G33: No major surgery | H33: yes
A34: Id33 | B34: 31.35 | C34: 6.86 | D34: No | E34: No | F34: No | G34: No major surgery | H34: yes
A35: Id34 | B35: 47.6 | C35: 5.95 | D35: yes | E35: No | F35: No | G35: No major surgery | H35: yes
A36: Id35 | B36: 46.2 | C36: 6.09 | D36: No | E36: No | F36: Yes | G36: 1 | H36: yes
A37: Id36 | B37: 32.015 | C37: 11.75 | D37: No | E37: No | F37: No | G37: No major surgery | H37: yes
A38: Id37 | B38: 40.565 | C38: 7.37 | D38: No | E38: No | F38: No | G38: No major surgery | H38: yes
A39: Id38 | B39: 32.45 | C39: 11.91 | D39: No | E39: No | F39: No | G39: No major surgery | H39: yes
A40: Id39 | B40: 34.96 | C40: 6.52 | D40: No | E40: No | F40: No | G40: No major surgery | H40: yes
A41: Id40 | B41: 35.5 | C41: 5.14 | D41: No | E41: No | F41: Yes | G41: 1 | H41: yes
A42: Id41 | B42: 52.58 | C42: 4.19 | D42: No | E42: yes | F42: No | G42: 1 | H42: yes
A43: Id42 | B43: 35.2 | C43: 11.68 | D43: yes | E43: No | F43: No | G43: No major surgery | H43: yes
A44: Id43 | B44: 38.06 | C44: 6.98 | D44: No | E44: No | F44: No | G44: No major surgery | H44: yes
A45: Id44 | B45: 34.21 | C45: 8.34 | D45: No | E45: No | F45: No | G45: No major surgery | H45: yes
A46: Id45 | B46: 38.94 | C46: 8.49 | D46: yes | E46: No | F46: No | G46: 1 | H46: yes
A47: Id46 | B47: 30.21 | C47: 5.34 | D47: yes | E47: No | F47: No | G47: 1 | H47: yes
A48: Id47 | B48: 33.63 | C48: 4.43 | D48: yes | E48: No | F48: No | G48: 2 | H48: yes
A49: Id48 | B49: 40.37 | C49: 4.47 | D49: No | E49: No | F49: No | G49: No major surgery | H49: yes
A50: Id49 | B50: 53.09 | C50: 4.82 | D50: yes | E50: No | F50: No | G50: 2 | H50: yes
A51: Id50 | B51: 31.79 | C51: 5.51 | D51: yes | E51: No | F51: No | G51: 2 | H51: yes
A52: Id51 | B52: 41.895 | C52: 10.87 | D52: yes | E52: No | F52: No | G52: 1 | H52: yes
A53: Id52 | B53: 31.16 | C53: 9.34 | D53: No | E53: No | F53: No | G53: No major surgery | H53: yes
A54: Id53 | B54: 34.105 | C54: 5.03 | D54: yes | E54: No | F54: Yes | G54: 1 | H54: yes
A55: Id54 | B55: 51.93 | C55: 11.05 | D55: No | E55: No | F55: No | G55: No major surgery | H55: yes
A56: Id55 | B56: 38.95 | C56: 11.95 | D56: No | E56: No | F56: No | G56: No major surgery | H56: yes
A57: Id56 | B57: 36.63 | C57: 7.72 | D57: yes | E57: No | F57: No | G57: 1 | H57: yes
A58: Id57 | B58: 34.2 | C58: 5.75 | D58: No | E58: No | F58: No | G58: 2 | H58: yes
A59: Id58 | B59: 50.63 | C59: 11.89 | D59: No | E59: No | F59: No | G59: No major surgery | H59: yes
A60: Id59 | B60: 36.48 | C60: 6.2 | D60: No | E60: No | F60: No | G60: No major surgery | H60: yes
A61: Id60 | B61: 54.82 | C61: 10.61 | D61: No | E61: No | F61: No | G61: No major surgery | H61: yes
A62: Id61 | B62: 38.06 | C62: 6.04 | D62: No | E62: No | F62: Yes | G62: 1 | H62: yes
A63: Id62 | B63: 51.48 | C63: 9.33 | D63: yes | E63: No | F63: No | G63: No major surgery | H63: yes
A64: Id63 | B64: 52.06 | C64: 11.47 | D64: No | E64: No | F64: No | G64: No major surgery | H64: yes
A65: Id64 | B65: 30.685 | C65: 7.02 | D65: yes | E65: No | F65: No | G65: No major surgery | H65: yes
A66: Id65 | B66: 36.08 | C66: 8.8 | D66: yes | E66: No | F66: No | G66: 1 | H66: yes
A67: Id66 | B67: 54.99 | C67: 8.68 | D67: No | E67: No | F67: No | G67: 2 | H67: yes
A68: Id67 | B68: 35.97 | C68: 6.12 | D68: No | E68: No | F68: Yes | G68: 1 | H68: yes
A69: Id68 | B69: 45.54 | C69: 5.4 | D69: yes | E69: No | F69: Yes | G69: 1 | H69: yes
A70: Id69 | B70: 35.53 | C70: 4.36 | D70: yes | E70: No | F70: No | G70: No major surgery | H70: yes
A71: Id70 | B71: 30.8 | C71: 9.77 | D71: No | E71: No | F71: No | G71: No major surgery | H71: yes
A72: Id71 | B72: 38.39 | C72: 4.25 | D72: No | E72: No | F72: No | G72: 1 | H72: yes
A73: Id72 | B73: 32.3 | C73: 4.76 | D73: No | E73: No | F73: No | G73: 2 | H73: yes
A74: Id73 | B74: 48.8 | C74: 6.22 | D74: yes | E74: No | F74: No | G74: 2 | H74: yes
A75: Id74 | B75: 45.5 | C75: 7.96 | D75: No | E75: No | F75: No | G75: No major surgery | H75: yes
A76: Id75 | B76: 53.61 | C76: 10.92 | D76: yes | E76: No | F76: No | G76: 1 | H76: yes
A77: Id76 | B77: 36.19 | C77: 11.51 | D77: yes | E77: No | F77: No | G77: 1 | H77: yes
A78: Id77 | B78: 34.6 | C78: 5.99 | D78: yes | E78: No | F78: No | G78: No major surgery | H78: yes
A79: Id78 | B79: 54.12 | C79: 11.57 | D79: No | E79: No | F79: No | G79: No major surgery | H79: yes
A80: Id79 | B80: 48.82 | C80: 6.67 | D80: yes | E80: No | F80: No | G80: No major surgery | H80: yes
A81: Id80 | B81: 51.01 | C81: 9.2 | D81: No | E81: No | F81: No | G81: No major surgery | H81: yes
A82: Id81 | B82: 45.65 | C82: 5.11 | D82: yes | E82: No | F82: No | G82: 1 | H82: yes
A83: Id82 | B83: 52.9 | C83: 5.34 | D83: No | E83: No | F83: No | G83: No major surgery | H83: yes
A84: Id83 | B84: 45.41 | C84: 4.03 | D84: yes | E84: No | F84: No | G84: 1 | H84: yes
A85: Id84 | B85: 49.41 | C85: 4.23 | D85: yes | E85: No | F85: Yes | G85: 1 | H85: yes
A86: Id85 | B86: 31.825 | C86: 4.06 | D86: No | E86: No | F86: No | G86: 2 | H86: yes
A87: Id86 | B87: 51.28 | C87: 4.68 | D87: No | E87: No | F87: No | G87: 2 | H87: yes
A88: Id87 | B88: 34.96 | C88: 4.34 | D88: No | E88: No | F88: Yes | G88: 1 | H88: yes
A89: Id88 | B89: 33.11 | C89: 10.51 | D89: No | E89: No | F89: No | G89: No major surgery | H89: yes
A90: Id89 | B90: 54.74 | C90: 5.84 | D90: yes | E90: No | F90: Yes | G90: 1 | H90: yes
A91: Id90 | B91: 32.56 | C91: 5.41 | D91: No | E91: No | F91: Yes | G91: 1 | H91: yes
A92: Id91 | B92: 39.05 | C92: 6.06 | D92: No | E92: No | F92: No | G92: 1 | H92: yes
A93: Id92 | B93: 42.75 | C93: 4.22 | D93: No | E93: No | F93: No | G93: No major surgery | H93: yes
A94: Id93 | B94: 50.58 | C94: 5.12 | D94: No | E94: No | F94: No | G94: 2 | H94: yes
A95: Id94 | B95: 30.495 | C95: 4.57 | D95: yes | E95: No | F95: No | G95: No major surgery | H95: yes
A96: Id95 | B96: 48.31 | C96: 9.58 | D96: yes | E96: No | F96: No | G96: 2 | H96: yes
A97: Id96 | B97: 48.99 | C97: 9.78 | D97: yes | E97: No | F97: No | G97: 1 | H97: yes
A98: Id97 | B98: 38.39 | C98: 4.11 | D98: yes | E98: No | F98: No | G98: No major surgery | H98: yes
A99: Id98 | B99: 44.34 | C99: 4.02 | D99: yes | E99: No | F99: No | G99: 2 | H99: yes
A100: Id99 | B100: 41.51 | C100: 6.92 | D100: No | E100: No | F100: No | G100: No major surgery | H100: yes
...

Sheet HOSPITALISATION DETAILS
A1: Customer ID | B1: year | C1: month | D1: date | E1: children | F1: charges | G1: Hospital tier | H1: City tier | I1: State ID
A2: Id2335 | B2: 1992 | C2: Jul | D2: 9 | E2: 0 | F2: 563.84 | G2: tier - 2 | H2: tier - 3 | I2: R1013
A3: Id2334 | B3: 1992 | C3: Nov | D3: 30 | E3: 0 | F3: 570.62 | G3: tier - 2 | H3: tier - 1 | I3: R1013
A4: Id2333 | B4: 1993 | C4: Jun | D4: 30 | E4: 0 | F4: 600 | G4: tier - 2 | H4: tier - 1 | I4: R1013
A5: Id2332 | B5: 1992 | C5: Sep | D5: 13 | E5: 0 | F5: 604.54 | G5: tier - 3 | H5: tier - 3 | I5: R1013
A6: Id2331 | B6: 1998 | C6: Jul | D6: 27 | E6: 0 | F6: 637.26 | G6: tier - 3 | H6: tier - 3 | I6: R1013
A7: Id2330 | B7: 2001 | C7: Nov | D7: 20 | E7: 0 | F7: 646.14 | G7: tier - 3 | H7: tier - 3 | I7: R1012
A8: Id2329 | B8: 1993 | C8: Jun | D8: 1 | E8: 0 | F8: 650 | G8: tier - 3 | H8: tier - 3 | I8: R1013
A9: Id2328 | B9: 1995 | C9: Jul | D9: 4 | E9: 0 | F9: 650 | G9: tier - 3 | H9: tier - 3 | I9: R1013
A10: Id2327 | B10: 2002 | C10: Nov | D10: 29 | E10: 0 | F10: 668 | G10: tier - 3 | H10: tier - 2 | I10: R1012
A11: Id2326 | B11: 1997 | C11: Nov | D11: 9 | E11: 0 | F11: 670 | G11: tier - 3 | H11: tier - 3 | I11: R1013
A12: Id2325 | B12: 2001 | C12: Sep | D12: 12 | E12: 0 | F12: 687.54 | G12: tier - 3 | H12: tier - 2 | I12: R1013
A13: Id2324 | B13: 1999 | C13: Dec | D13: 26 | E13: 0 | F13: 700 | G13: ? | H13: tier - 3 | I13: R1013
... A1050: Id1290 | B1050: 1977 | C1050: Jul | D1050: 26 | E1050: 2 | F1050: 8527.53 | G1050: tier - 2 | H1050: tier - 2 | I1050: R1013
A1051: Id1289 | B1051: ? | C1051: Jul | D1051: 24 | E1051: 0 | F1051: 8534.67 | G1051: tier - 2 | H1051: tier - 3 | I1051: R1024
A1052: Id1288 | B1052: 1981 | C1052: Dec | D1052: 27 | E1052: 3 | F1052: 8538.29 | G1052: tier - 2 | H1052: tier - 3 | I1052: R1024
A1053: Id1287 | B1053: 1975 | C1053: Nov | D1053: 6 | E1053: 1 | F1053: 8539.67 | G1053: tier - 2 | H1053: tier - 3 | I1053: R1011
A1054: Id1286 | B1054: ? | C1054: Dec | D1054: 12 | E1054: 1 | F1054: 8547.69 | G1054: tier - 2 | H1054: tier - 1 | I1054: R1013
A1055: Id1285 | B1055: 1975 | C1055: Aug | D1055: 6 | E1055: 1 | F1055: 8551.35 | G1055: tier - 2 | H1055: tier - 2 | I1055: R1011
A1056: Id1284 | B1056: 1975 | C1056: Aug | D1056: 21 | E1056: 1 | F1056: 8556.91 | G1056: tier - 2 | H1056: tier - 1 | I1056: R1011
A1057: Id1283 | B1057: 1988 | C1057: Sep | D1057: 21 | E1057: 3 | F1057: 8567.25 | G1057: tier - 2 | H1057: tier - 1 | I1057: R1012
A1058: Id1282 | B1058: 1975 | C1058: Sep | D1058: 26 | E1058: 1 | F1058: 8569.86 | G1058: tier - 2 | H1058: tier - 3 | I1058: R1013
A1059: Id1281 | B1059: 1982 | C1059: Dec | D1059: 6 | E1059: 3 | F1059: 8572.04 | G1059: tier - 2 | H1059: tier - 2 | I1059: R1021
A1060: Id1280 | B1060: 1987 | C1060: Nov | D1060: 11 | E1060: 3 | F1060: 8573.3 | G1060: tier - 2 | H1060: tier - 2 | I1060: R1021
A1061: Id1279 | B1061: 1983 | C1061: Dec | D1061: 30 | E1061: 5 | F1061: 8582.3 | G1061: tier - 2 | H1061: tier - 1 | I1061: R1013
A1062: Id1278 | B1062: 1983 | C1062: Jul | D1062: 25 | E1062: 5 | F1062: 8596.83 | G1062: tier - 2 | H1062: tier - 3 | I1062: R1013
A1063: Id1277 | B1063: 1973 | C1063: Jul | D1063: 11 | E1063: 0 | F1063: 8601.33 | G1063: tier - 2 | H1063: tier - 1 | I1063: R1013
A1064: Id1276 | B1064: 1977 | C1064: Sep | D1064: 24 | E1064: 2 | F1064: 8603.82 | G1064: tier - 2 | H1064: tier - 1 | I1064: R1019
A1065: Id1275 | B1065: 1977 | C1065: Nov | D1065: 12 | E1065: 2 | F1065: 8604.48 | G1065: tier - 3 | H1065: tier - 2 | I1065: R1016
A1066: Id1274 | B1066: 1977 | C1066: Oct | D1066: 15 | E1066: 3 | F1066: 8605.36 | G1066: tier - 2 | H1066: tier - 2 | I1066: R1013
... A2344: Id1 | B2344: 1968 | C2344: Oct | D2344: 12 | E2344: 0 | F2344: 63770.43 | G2344: tier - 1 | H2344: tier - 3 | I2344: R1013

Sheet DATA CLEANING 1
A1: The number of missing values in "Medical Examinations" table. | H1: Customer ID | I1: BMI | J1: HBA1C | K1: Heart Issues | L1: Any Transplants | M1: Cancer history | N1: NumberOfMajorSurgeries | O1: smoker | Q1: Customer ID | R1: year | S1: month | T1: date | U1: children | V1: charges | W1: Hospital tier | X1: City tier | Y1: State ID
F2: =COUNTIF(H:O, "?") -> 2 | H2: Id1 | I2: 47.41 | J2: 7.47 | K2: No | L2: No | M2: No | N2: No major surgery | O2: yes | Q2: Id2335 | R2: 1992 | S2: Jul | T2: 9 | U2: 0 | V2: 563.84 | W2: tier - 2 | X2: tier - 3 | Y2: R1013
H3: Id2 | I3: 30.36 | J3: 5.77 | K3: No | L3: No | M3: No | N3: No major surgery | O3: yes | Q3: Id2334 | R3: 1992 | S3: Nov | T3: 30 | U3: 0 | V3: 570.62 | W3: tier - 2 | X3: tier - 1 | Y3: R1013
A4: The number of missing values in the "Hospitalisation Details" table. | F4: =COUNTIF(Q:Y, "?") -> 15 | H4: Id3 | I4: 34.485 | J4: 11.87 | K4: yes | L4: No | M4: No | N4: 2 | O4: yes | Q4: Id2333 | R4: 1993 | S4: Jun | T4: 30 | U4: 0 | V4: 600 | W4: tier - 2 | X4: tier - 1 | Y4: R1013
H5: Id4 | I5: 38.095 | J5: 6.05 | K5: No | L5: No | M5: No | N5: No major surgery | O5: yes | Q5: Id2332 | R5: 1992 | S5: Sep | T5: 13 | U5: 0 | V5: 604.54 | W5: tier - 3 | X5: tier - 3 | Y5: R1013
H6: Id5 | I6: 35.53 | J6: 5.45 | K6: No | L6: No | M6: No | N6: No major surgery | O6: yes | Q6: Id2331 | R6: 1998 | S6: Jul | T6: 27 | U6: 0 | V6: 637.26 | W6: tier - 3 | X6: tier - 3 | Y6: R1013
H7: Id6 | I7: 32.8 | J7: 6.59 | K7: No | L7: No | M7: No | N7: No major surgery | O7: yes | Q7: Id2330 | R7: 2001 | S7: Nov | T7: 20 | U7: 0 | V7: 646.14 | W7: tier - 3 | X7: tier - 3 | Y7: R1012
H8: Id7 | I8: 36.4 | J8: 6.07 | K8: No | L8: No | M8: No | N8: No major surgery | O8: yes | Q8: Id2329 | R8: 1993 | S8: Jun | T8: 1 | U8: 0 | V8: 650 | W8: tier - 3 | X8: tier - 3 | Y8: R1013
H9: Id8 | I9: 36.96 | J9: 7.93 | K9: No | L9: No | M9: No | N9: 3 | O9: yes | Q9: Id2328 | R9: 1995 | S9: Jul | T9: 4 | U9: 0 | V9: 650 | W9: tier - 3 | X9: tier - 3 | Y9: R1013
H10: Id9 | I10: 41.14 | J10: 9.58 | K10: yes | L10: No | M10: Yes | N10: 1 | O10: yes | Q10: Id2327 | R10: 2002 | S10: Nov | T10: 29 | U10: 0 | V10: 668 | W10: tier - 3 | X10: tier - 2 | Y10: R1012
H11: Id10 | I11: 38.06 | J11: 10.79 | K11: No | L11: No | M11: No | N11: No major surgery | O11: yes | Q11: Id2326 | R11: 1997 | S11: Nov | T11: 9 | U11: 0 | V11: 670 | W11: tier - 3 | X11: tier - 3 | Y11: R1013
H12: Id11 | I12: 37.7 | J12: 5.96 | K12: yes | L12: No | M12: No | N12: 2 | O12: yes | Q12: Id2325 | R12: 2001 | S12: Sep | T12: 12 | U12: 0 | V12: 687.54 | W12: tier - 3 | X12: tier - 2 | Y12: R1013
H13: Id12 | I13: 42.13 | J13: 11.9 | K13: No | L13: No | M13: No | N13: No major surgery | O13: yes | Q13: Id2324 | R13: 1999 | S13: Dec | T13: 26 | U13: 0 | V13: 700 | W13: ? | X13: tier - 3 | Y13: R1013
H14: Id13 | I14: 40.92 | J14: 8.41 | K14: No | L14: No | M14: No | N14: No major surgery | O14: yes | Q14: Id2323 | R14: 1999 | S14: Dec | T14: 14 | U14: 0 | V14: 722.99 | W14: tier - 3 | X14: tier - 1 | Y14: R1013
H15: Id14 | I15: 40.565 | J15: 7.02 | K15: No | L15: No | M15: No | N15: No major surgery | O15: yes | Q15: Id2322 | R15: 2002 | S15: ? | T15: 19 | U15: 0 | V15: 750 | W15: tier - 3 | X15: tier - 1 | Y15: R1012
H16: Id15 | I16: 36.385 | J16: 7.59 | K16: yes | L16: No | M16: No | N16: 2 | O16: yes | Q16: Id2321 | R16: 1993 | S16: Aug | T16: 9 | U16: 0 | V16: 760 | W16: tier - 3 | X16: tier - 1 | Y16: R1013
H17: Id16 | I17: 39.9 | J17: 11.32 | K17: No | L17: No | M17: No | N17: No major surgery | O17: yes | Q17: Id2320 | R17: 1996 | S17: Oct | T17: 22 | U17: 0 | V17: 760 | W17: tier - 3 | X17: tier - 3 | Y17: R1013
H18: Id17 | I18: 33.8 | J18: 7.67 | K18: No | L18: No | M18: No | N18: 3 | O18: yes | Q18: Id2319 | R18: 1993 | S18: Jun | T18: 28 | U18: 0 | V18: 770 | W18: tier - 3 | X18: tier - 3 | Y18: R1013
H19: Id18 | I19: 36.765 | J19: 7.29 | K19: yes | L19: No | M19: Yes | N19: 1 | O19: yes | Q19: Id2318 | R19: 1996 | S19: ? | T19: 18 | U19: 0 | V19: 770.38 | W19: tier - 3 | X19: ? | Y19: R1012
H20: Id19 | I20: 36.955 | J20: 4.72 | K20: yes | L20: No | M20: No | N20: 1 | O20: yes | Q20: Id2317 | R20: 1995 | S20: Dec | T20: 7 | U20: 0 | V20: 773.54 | W20: tier - 3 | X20: tier - 2 | Y20: R1013
H21: Id20 | I21: 42.9 | J21: 11.41 | K21: No | L21: No | M21: No | N21: No major surgery | O21: yes | Q21: Id2316 | R21: 2004 | S21: Oct | T21: 7 | U21: 0 | V21: 830.52 | W21: tier - 3 | X21: tier - 2 | Y21: R1011
H22: Id21 | I22: 36.3 | J22: 11.5 | K22: yes | L22: No | M22: No | N22: 2 | O22: yes | Q22: Id2315 | R22: 2000 | S22: Nov | T22: 18 | U22: 0 | V22: 865.41 | W22: tier - 3 | X22: tier - 1 | Y22: R1013
H23: Id22 | I23: 32.2 | J23: 6.22 | K23: yes | L23: No | M23: No | N23: 2 | O23: yes | Q23: Id2314 | R23: 1993 | S23: Nov | T23: 27 | U23: 0 | V23: 896.21 | W23: tier - 3 | X23: tier - 1 | Y23: R1013
H24: Id23 | I24: 31.3 | J24: 11.38 | K24: No | L24: No | M24: No | N24: 3 | O24: yes | Q24: Id2313 | R24: 1994 | S24: Oct | T24: 30 | U24: 0 | V24: 915.07 | W24: tier - 3 | X24: tier - 1 | Y24: R1013
H25: Id24 | I25: 41.8 | J25: 7.89 | K25: yes | L25: No | M25: No | N25: 2 | O25: yes | Q25: Id2312 | R25: 1995 | S25: Oct | T25: 28 | U25: 0 | V25: 928.59 | W25: tier - 3 | X25: tier - 1 | Y25: R1013
H26: Id25 | I26: 35.09 | J26: 4.38 | K26: yes | L26: No | M26: No | N26: 2 | O26: yes | Q26: Id2311 | R26: 2001 | S26: Aug | T26: 19 | U26: 0 | V26: 964.71 | W26: tier - 3 | X26: tier - 2 | Y26: R1013
H27: Id26 | I27: 33.88 | J27: 7.01 | K27: No | L27: No | M27: No | N27: 3 | O27: yes | Q27: Id2310 | R27: 1994 | S27: Nov | T27: 22 | U27: 0 | V27: 1006.65 | W27: tier - 3 | X27: tier - 2 | Y27: R1013
H28: Id27 | I28: 30.875 | J28: 11.88 | K28: No | L28: No | M28: No | N28: No major surgery | O28: yes | Q28: Id2309 | R28: 2000 | S28: Oct | T28: 9 | U28: 0 | V28: 1012 | W28: tier - 3 | X28: tier - 2 | Y28: R1013
H29: Id28 | I29: 36.86 | J29: 5.19 | K29: yes | L29: No | M29: Yes | N29: 1 | O29: yes | Q29: Id2308 | R29: 1999 | S29: Aug | T29: 5 | U29: 0 | V29: 1019 | W29: tier - 3 | X29: tier - 2 | Y29: R1013
H30: Id29 | I30: 35.86 | J30: 6.74 | K30: yes | L30: No | M30: No | N30: 2 | O30: yes | Q30: Id2307 | R30: 1995 | S30: Oct | T30: 5 | U30: 0 | V30: 1033.74 | W30: tier - 3 | X30: tier - 1 | Y30: R1013
H31: Id30 | I31: 37.05 | J31: 8.44 | K31: No | L31: No | M31: No | N31: No major surgery | O31: yes | Q31: Id2306 | R31: 1994 | S31: Nov | T31: 17 | U31: 0 | V31: 1044 | W31: tier - 3 | X31: tier - 2 | Y31: R1013
H32: Id31 | I32: 43.89 | J32: 8.71 | K32: No | L32: No | M32: No | N32: No major surgery | O32: yes | Q32: Id2305 | R32: 2002 | S32: Jul | T32: 20 | U32: 0 | V32: 1047 | W32: tier - 3 | X32: tier - 1 | Y32: R1013
H33: Id32 | I33: 42.35 | J33: 5.08 | K33: yes | L33: No | M33: No | N33: No major surgery | O33: yes | Q33: Id2304 | R33: 2002 | S33: Jul | T33: 1 | U33: 0 | V33: 1049 | W33: tier - 3 | X33: tier - 2 | Y33: R1012
H34: Id33 | I34: 31.35 | J34: 6.86 | K34: No | L34: No | M34: No | N34: No major surgery | O34: yes | Q34: Id2303 | R34: 1995 | S34: Jun | T34: 1 | U34: 0 | V34: 1056 | W34: tier - 3 | X34: tier - 2 | Y34: R1013
H35: Id34 | I35: 47.6 | J35: 5.95 | K35: yes | L35: No | M35: No | N35: No major surgery | O35: yes | Q35: Id2302 | R35: 1993 | S35: Sep | T35: 28 | U35: 0 | V35: 1068 | W35: tier - 3 | X35: tier - 1 | Y35: R1013
H36: Id35 | I36: 46.2 | J36: 6.09 | K36: No | L36: No | M36: Yes | N36: 1 | O36: yes | Q36: Id2301 | R36: 2004 | S36: Aug | T36: 24 | U36: 0 | V36: 1070 | W36: tier - 3 | X36: tier - 3 | Y36: R1013
H37: Id36 | I37: 32.015 | J37: 11.75 | K37: No | L37: No | M37: No | N37: No major surgery | O37: yes | Q37: Id2300 | R37: 1997 | S37: Aug | T37: 13 | U37: 0 | V37: 1071 | W37: tier - 3 | X37: tier - 3 | Y37: R1013
H38: Id37 | I38: 40.565 | J38: 7.37 | K38: No | L38: No | M38: No | N38: No major surgery | O38: yes | Q38: Id2299 | R38: 1998 | S38: Dec | T38: 26 | U38: 0 | V38: 1082 | W38: tier - 3 | X38: tier - 2 | Y38: R1013
H39: Id38 | I39: 32.45 | J39: 11.91 | K39: No | L39: No | M39: No | N39: No major surgery | O39: yes | Q39: Id2298 | R39: 2002 | S39: Aug | T39: 13 | U39: 0 | V39: 1086 | W39: tier - 3 | X39: tier - 3 | Y39: R1013
H40: Id39 | I40: 34.96 | J40: 6.52 | K40: No | L40: No | M40: No | N40: No major surgery | O40: yes | Q40: Id2297 | R40: 2004 | S40: Nov | T40: 12 | U40: 0 | V40: 1121.87 | W40: tier - 3 | X40: tier - 1 | Y40: R1013
H41: Id40 | I41: 35.5 | J41: 5.14 | K41: No | L41: No | M41: Yes | N41: 1 | O41: yes | Q41: Id2296 | R41: 2004 | S41: Jun | T41: 14 | U41: 0 | V41: 1131.51 | W41: tier - 3 | X41: tier - 1 | Y41: R1013
H42: Id41 | I42: 52.58 | J42: 4.19 | K42: No | L42: yes | M42: No | N42: 1 | O42: yes | Q42: Id2295 | R42: 2002 | S42: Jul | T42: 19 | U42: 0 | V42: 1132 | W42: tier - 3 | X42: tier - 1 | Y42: R1013
H43: Id42 | I43: 35.2 | J43: 11.68 | K43: yes | L43: No | M43: No | N43: No major surgery | O43: yes | Q43: Id2294 | R43: 2004 | S43: Oct | T43: 6 | U43: 0 | V43: 1135 | W43: tier - 3 | X43: tier - 3 | Y43: R1013
H44: Id43 | I44: 38.06 | J44: 6.98 | K44: No | L44: No | M44: No | N44: No major surgery | O44: yes | Q44: Id2293 | R44: 2004 | S44: Jun | T44: 11 | U44: 0 | V44: 1135.94 | W44: tier - 3 | X44: tier - 3 | Y44: R1013
H45: Id44 | I45: 34.21 | J45: 8.34 | K45: No | L45: No | M45: No | N45: No major surgery | O45: yes | Q45: Id2292 | R45: 2004 | S45: Nov | T45: 28 | U45: 0 | V45: 1136.4 | W45: tier - 3 | X45: tier - 3 | Y45: R1013
H46: Id45 | I46: 38.94 | J46: 8.49 | K46: yes | L46: No | M46: No | N46: 1 | O46: yes | Q46: Id2291 | R46: 2002 | S46: Aug | T46: 11 | U46: 0 | V46: 1137 | W46: tier - 3 | X46: tier - 1 | Y46: R1013
H47: Id46 | I47: 30.21 | J47: 5.34 | K47: yes | L47: No | M47: No | N47: 1 | O47: yes | Q47: ? | R47: 2004 | S47: Nov | T47: 6 | U47: 0 | V47: 1137.01 | W47: tier - 3 | X47: tier - 1 | Y47: R1013
H48: Id47 | I48: 33.63 | J48: 4.43 | K48: yes | L48: No | M48: No | N48: 2 | O48: yes | Q48: Id2290 | R48: 2004 | S48: Oct | T48: 15 | U48: 0 | V48: 1137.01 | W48: tier - 3 | X48: tier - 1 | Y48: R1013
H49: Id48 | I49: 40.37 | J49: 4.47 | K49: No | L49: No | M49: No | N49: No major surgery | O49: yes | Q49: Id2289 | R49: 2004 | S49: Nov | T49: 27 | U49: 0 | V49: 1137.47 | W49: tier - 3 | X49: tier - 2 | Y49: R1013
H50: Id49 | I50: 53.09 | J50: 4.82 | K50: yes | L50: No | M50: No | N50: 2 | O50: yes | Q50: Id2288 | R50: 2001 | S50: Oct | T50: 25 | U50: 0 | V50: 1141 | W50: tier - 3 | X50: tier - 1 | Y50: R1013
H51: Id50 | I51: 31.79 | J51: 5.51 | K51: yes | L51: No | M51: No | N51: 2 | O51: yes | Q51: Id2287 | R51: 2004 | S51: Sep | T51: 12 | U51: 0 | V51: 1141.45 | W51: tier - 3 | X51: tier - 3 | Y51: R1013
H52: Id51 | I52: 41.895 | J52: 10.87 | K52: yes | L52: No | M52: No | N52: 1 | O52: yes | Q52: Id2286 | R52: 2002 | S52: Oct | T52: 1 | U52: 0 | V52: 1142 | W52: tier - 3 | X52: tier - 2 | Y52: R1011
H53: Id52 | I53: 31.16 | J53: 9.34 | K53: No | L53: No | M53: No | N53: No major surgery | O53: yes | Q53: Id2285 | R53: 2004 | S53: Jun | T53: 10 | U53: 0 | V53: 1146.8 | W53: tier - 2 | X53: tier - 2 | Y53: R1013
H54: Id53 | I54: 34.105 | J54: 5.03 | K54: yes | L54: No | M54: Yes | N54: 1 | O54: yes | Q54: Id2284 | R54: 2003 | S54: Jun | T54: 12 | U54: 0 | V54: 1149 | W54: tier - 2 | X54: tier - 1 | Y54: R1012
H55: Id54 | I55: 51.93 | J55: 11.05 | K55: No | L55: No | M55: No | N55: No major surgery | O55: yes | Q55: Id2283 | R55: 2004 | S55: Jul | T55: 18 | U55: 0 | V55: 1149.4 | W55: tier - 2 | X55: tier - 2 | Y55: R1013
H56: Id55 | I56: 38.95 | J56: 11.95 | K56: No | L56: No | M56: No | N56: No major surgery | O56: yes | Q56: Id2282 | R56: 1994 | S56: Jul | T56: 26 | U56: 0 | V56: 1158.32 | W56: tier - 2 | X56: tier - 1 | Y56: R1013
H57: Id56 | I57: 36.63 | J57: 7.72 | K57: yes | L57: No | M57: No | N57: 1 | O57: yes | Q57: Id2281 | R57: 2004 | S57: Nov | T57: 11 | U57: 0 | V57: 1163.46 | W57: tier - 2 | X57: tier - 3 | Y57: R1013
H58: Id57 | I58: 34.2 | J58: 5.75 | K58: No | L58: No | M58: No | N58: 2 | O58: yes | Q58: Id2280 | R58: 2002 | S58: Jun | T58: 11 | U58: 0 | V58: 1165 | W58: tier - 2 | X58: tier - 3 | Y58: R1012
H59: Id58 | I59: 50.63 | J59: 11.89 | K59: No | L59: No | M59: No | N59: No major surgery | O59: yes | Q59: Id2279 | R59: 2001 | S59: Nov | T59: 12 | U59: 0 | V59: 1167 | W59: tier - 2 | X59: tier - 1 | Y59: R1013
H60: Id59 | I60: 36.48 | J60: 6.2 | K60: No | L60: No | M60: No | N60: No major surgery | O60: yes | Q60: Id2278 | R60: 1996 | S60: Aug | T60: 11 | U60: 0 | V60: 1178 | W60: tier - 2 | X60: tier - 3 | Y60: R1013
H61: Id60 | I61: 54.82 | J61: 10.61 | K61: No | L61: No | M61: No | N61: No major surgery | O61: yes | Q61: Id2277 | R61: 1997 | S61: Jun | T61: 28 | U61: 0 | V61: 1178.07 | W61: tier - 2 | X61: tier - 2 | Y61: R1013
H62: Id61 | I62: 38.06 | J62: 6.04 | K62: No | L62: No | M62: Yes | N62: 1 | O62: yes | Q62: Id2276 | R62: 2002 | S62: Aug | T62: 26 | U62: 0 | V62: 1191 | W62: tier - 2 | X62: tier - 1 | Y62: R1013
H63: Id62 | I63: 51.48 | J63: 9.33 | K63: yes | L63: No | M63: No | N63: No major surgery | O63: yes | Q63: Id2275 | R63: 1999 | S63: Jun | T63: 28 | U63: 0 | V63: 1200 | W63: tier - 2 | X63: tier - 3 | Y63: R1012
H64: Id63 | I64: 52.06 | J64: 11.47 | K64: No | L64: No | M64: No | N64: No major surgery | O64: yes | Q64: Id2274 | R64: 1992 | S64: Oct | T64: 6 | U64: 0 | V64: 1200.55 | W64: tier - 2 | X64: tier - 3 | Y64: R1013
H65: Id64 | I65: 30.685 | J65: 7.02 | K65: yes | L65: No | M65: No | N65: No major surgery | O65: yes | Q65: Id2273 | R65: 2004 | S65: Jun | T65: 2 | U65: 0 | V65: 1210 | W65: tier - 2 | X65: tier - 1 | Y65: R1013
H66: Id65 | I66: 36.08 | J66: 8.8 | K66: yes | L66: No | M66: No | N66: 1 | O66: yes | Q66: Id2272 | R66: 1996 | S66: Nov | T66: 4 | U66: 0 | V66: 1220 | W66: tier - 2 | X66: tier - 3 | Y66: R1012
H67: Id66 | I67: 54.99 | J67: 8.68 | K67: No | L67: No | M67: No | N67: 2 | O67: yes | Q67: Id2271 | R67: 2004 | S67: Jul | T67: 9 | U67: 0 | V67: 1224 | W67: tier - 2 | X67: tier - 1 | Y67: R1013
H68: Id67 | I68: 35.97 | J68: 6.12 | K68: No | L68: No | M68: Yes | N68: 1 | O68: yes | Q68: Id2270 | R68: 2004 | S68: Oct | T68: 16 | U68: 0 | V68: 1228 | W68: tier - 2 | X68: tier - 1 | Y68: R1012
H69: Id68 | I69: 45.54 | J69: 5.4 | K69: yes | L69: No | M69: Yes | N69: 1 | O69: yes | Q69: Id2269 | R69: 1998 | S69: Jul | T69: 13 | U69: 0 | V69: 1234 | W69: tier - 2 | X69: tier - 1 | Y69: R1013
H70: Id69 | I70: 35.53 | J70: 4.36 | K70: yes | L70: No | M70: No | N70: No major surgery | O70: yes | Q70: Id2268 | R70: 2002 | S70: Dec | T70: 12 | U70: 0 | V70: 1237 | W70: tier - 2 | X70: tier - 2 | Y70: R1013
H71: Id70 | I71: 30.8 | J71: 9.77 | K71: No | L71: No | M71: No | N71: No major surgery | O71: yes | Q71: Id2267 | R71: 1998 | S71: Oct | T71: 11 | U71: 0 | V71: 1240 | W71: tier - 2 | X71: tier - 1 | Y71: R1012
H72: Id71 | I72: 38.39 | J72: 4.25 | K72: No | L72: No | M72: No | N72: 1 | O72: yes | Q72: Id2266 | R72: 2002 | S72: Jul | T72: 1 | U72: 0 | V72: 1241 | W72: tier - 2 | X72: tier - 2 | Y72: R1013
H73: Id72 | I73: 32.3 | J73: 4.76 | K73: No | L73: No | M73: No | N73: 2 | O73: yes | Q73: Id2265 | R73: 2003 | S73: Aug | T73: 2 | U73: 0 | V73: 1241.57 | W73: tier - 2 | X73: tier - 2 | Y73: R1011
H74: Id73 | I74: 48.8 | J74: 6.22 | K74: yes | L74: No | M74: No | N74: 2 | O74: yes | Q74: Id2264 | R74: 2003 | S74: Sep | T74: 15 | U74: 0 | V74: 1242.26 | W74: tier - 2 | X74: tier - 1 | Y74: R1011
H75: Id74 | I75: 45.5 | J75: 7.96 | K75: No | L75: No | M75: No | N75: No major surgery | O75: yes | Q75: Id2263 | R75: 2003 | S75: Sep | T75: 8 | U75: 0 | V75: 1242.82 | W75: tier - 2 | X75: tier - 1 | Y75: R1011
H76: Id75 | I76: 53.61 | J76: 10.92 | K76: yes | L76: No | M76: No | N76: 1 | O76: yes | Q76: Id2262 | R76: 2003 | S76: Sep | T76: 15 | U76: 0 | V76: 1252.41 | W76: tier - 2 | X76: tier - 3 | Y76: R1011
H77: Id76 | I77: 36.19 | J77: 11.51 | K77: yes | L77: No | M77: No | N77: 1 | O77: yes | Q77: Id2261 | R77: 1997 | S77: Nov | T77: 4 | U77: 0 | V77: 1253 | W77: tier - 2 | X77: tier - 2 | Y77: R1013
H78: Id77 | I78: 34.6 | J78: 5.99 | K78: yes | L78: No | M78: No | N78: No major surgery | O78: yes | Q78: Id2260 | R78: 2003 | S78: Dec | T78: 10 | U78: 0 | V78: 1253.94 | W78: tier - 2 | X78: tier - 2 | Y78: R1011
H79: Id78 | I79: 54.12 | J79: 11.57 | K79: No | L79: No | M79: No | N79: No major surgery | O79: yes | Q79: Id2259 | R79: 2003 | S79: Oct | T79: 13 | U79: 0 | V79: 1256.3 | W79: tier - 2 | X79: tier - 3 | Y79: R1011
H80: Id79 | I80: 48.82 | J80: 6.67 | K80: yes | L80: No | M80: No | N80: No major surgery | O80: yes | Q80: Id2258 | R80: 2003 | S80: Oct | T80: 30 | U80: 0 | V80: 1261.44 | W80: tier - 2 | X80: tier - 3 | Y80: R1011
H81: Id80 | I81: 51.01 | J81: 9.2 | K81: No | L81: No | M81: No | N81: No major surgery | O81: yes | Q81: Id2257 | R81: 2003 | S81: Aug | T81: 15 | U81: 0 | V81: 1261.86 | W81: tier - 2 | X81: tier - 3 | Y81: R1011
H82: Id81 | I82: 45.65 | J82: 5.11 | K82: yes | L82: No | M82: No | N82: 1 | O82: yes | Q82: Id2256 | R82: 2003 | S82: Nov | T82: 21 | U82: 0 | V82: 1263.25 | W82: tier - 2 | X82: tier - 3 | Y82: R1011
H83: Id82 | I83: 52.9 | J83: 5.34 | K83: No | L83: No | M83: No | N83: No major surgery | O83: yes | Q83: Id2255 | R83: 2002 | S83: Dec | T83: 4 | U83: 0 | V83: 1267 | W83: tier - 2 | X83: tier - 1 | Y83: R1013
H84: Id83 | I84: 45.41 | J84: 4.03 | K84: yes | L84: No | M84: No | N84: 1 | O84: yes | Q84: Id2254 | R84: 1997 | S84: Oct | T84: 26 | U84: 0 | V84: 1276 | W84: tier - 2 | X84: tier - 2 | Y84: R1012
H85: Id84 | I85: 49.41 | J85: 4.23 | K85: yes | L85: No | M85: Yes | N85: 1 | O85: yes | Q85: Id2253 | R85: 2004 | S85: Sep | T85: 30 | U85: 0 | V85: 1283 | W85: tier - 2 | X85: tier - 1 | Y85: R1013
H86: Id85 | I86: 31.825 | J86: 4.06 | K86: No | L86: No | M86: No | N86: 2 | O86: yes | Q86: Id2252 | R86: 2004 | S86: Jul | T86: 28 | U86: 0 | V86: 1285 | W86: tier - 2 | X86: tier - 3 | Y86: R1013
H87: Id86 | I87: 51.28 | J87: 4.68 | K87: No | L87: No | M87: No | N87: 2 | O87: yes | Q87: Id2251 | R87: 2000 | S87: Jun | T87: 26 | U87: 0 | V87: 1286 | W87: tier - 2 | X87: tier - 2 | Y87: R1013
H88: Id87 | I88: 34.96 | J88: 4.34 | K88: No | L88: No | M88: Yes | N88: 1 | O88: yes | Q88: Id2250 | R88: 1998 | S88: Jun | T88: 4 | U88: 0 | V88: 1290.93 | W88: tier - 2 | X88: tier - 2 | Y88: R1013
H89: Id88 | I89: 33.11 | J89: 10.51 | K89: No | L89: No | M89: No | N89: No major surgery | O89: yes | Q89: Id2249 | R89: 2001 | S89: Nov | T89: 29 | U89: 0 | V89: 1293 | W89: tier - 2 | X89: tier - 3 | Y89: R1012
H90: Id89 | I90: 54.74 | J90: 5.84 | K90: yes | L90: No | M90: Yes | N90: 1 | O90: yes | Q90: Id2248 | R90: 2002 | S90: Dec | T90: 10 | U90: 0 | V90: 1304 | W90: tier - 2 | X90: tier - 2 | Y90: R1012
H91: Id90 | I91: 32.56 | J91: 5.41 | K91: No | L91: No | M91: Yes | N91: 1 | O91: yes | Q91: Id2247 | R91: 1999 | S91: Dec | T91: 2 | U91: 0 | V91: 1304 | W91: tier - 2 | X91: tier - 2 | Y91: R1013
H92: Id91 | I92: 39.05 | J92: 6.06 | K92: No | L92: No | M92: No | N92: 1 | O92: yes | Q92: Id2246 | R92: 2002 | S92: Oct | T92: 13 | U92: 0 | V92: 1315 | W92: tier - 2 | X92: tier - 2 | Y92: R1013
H93: Id92 | I93: 42.75 | J93: 4.22 | K93: No | L93: No | M93: No | N93: No major surgery | O93: yes | Q93: Id2245 | R93: 1999 | S93: Oct | T93: 14 | U93: 0 | V93: 1329.17 | W93: tier - 2 | X93: tier - 3 | Y93: R1013
H94: Id93 | I94: 50.58 | J94: 5.12 | K94: No | L94: No | M94: No | N94: 2 | O94: yes | Q94: Id2244 | R94: 1998 | S94: Jul | T94: 12 | U94: 0 | V94: 1332.61 | W94: tier - 2 | X94: tier - 3 | Y94: R1013
H95: Id94 | I95: 30.495 | J95: 4.57 | K95: yes | L95: No | M95: No | N95: No major surgery | O95: yes | Q95: Id2243 | R95: 1995 | S95: Jul | T95: 30 | U95: 0 | V95: 1338 | W95: tier - 2 | X95: tier - 3 | Y95: R1012
H96: Id95 | I96: 48.31 | J96: 9.58 | K96: yes | L96: No | M96: No | N96: 2 | O96: yes | Q96: Id2242 | R96: 1997 | S96: Nov | T96: 7 | U96: 0 | V96: 1341.16 | W96: tier - 2 | X96: tier - 2 | Y96: R1012
H97: Id96 | I97: 48.99 | J97: 9.78 | K97: yes | L97: No | M97: No | N97: 1 | O97: yes | Q97: Id2241 | R97: 1998 | S97: Dec | T97: 3 | U97: 0 | V97: 1359 | W97: tier - 2 | X97: tier - 1 | Y97: R1013
H98: Id97 | I98: 38.39 | J98: 4.11 | K98: yes | L98: No | M98: No | N98: No major surgery | O98: yes | Q98: Id2240 | R98: 2002 | S98: Aug | T98: 15 | U98: 0 | V98: 1382 | W98: tier - 2 | X98: tier - 1 | Y98: R1013
H99: Id98 | I99: 44.34 | J99: 4.02 | K99: yes | L99: No | M99: No | N99: 2 | O99: yes | Q99: Id2239 | R99: 1999 | S99: Jul | T99: 6 | U99: 0 | V99: 1389 | W99: tier - 2 | X99: tier - 2 | Y99: R1013
H100: Id99 | I100: 41.51 | J100: 6.92 | K100: No | L100: No | M100: No | N100: No major surgery | O100: yes | Q100: Id2238 | R100: 2002 | S100: Nov | T100: 14 | U100: 0 | V100: 1390 | W100: tier - 2 | X100: tier - 2 | Y100: R1013
...

Sheet DATA CLEANING 2
A1: Customer ID | B1: year | C1: month
A2: Id2335 | B2: 1992 | C2: Jul
A3: Id2334 | B3: 1992 | C3: Nov
A4: Id2333 | B4: 1993 | C4: Jun
A5: Id2332 | B5: 1992 | C5: Sep | D5: AVERAGE | E5: =AVERAGEIF(B:B,"<>?",B:B) -> 1982.8417
A6: Id2331 | B6: 1998 | C6: Jul
A7: Id2330 | B7: 2001 | C7: Nov
A8: Id2329 | B8: 1993 | C8: Jun
A9: Id2328 | B9: 1995 | C9: Jul
A10: Id2327 | B10: 2002 | C10: Nov
A11: Id2326 | B11: 1997 | C11: Nov
A12: Id2325 | B12: 2001 | C12: Sep
A13: Id2324 | B13: 1999 | C13: Dec
A14: Id2323 | B14: 1999 | C14: Dec
A15: Id2322 | B15: 2002 | C15: Sep
A16: Id2321 | B16: 1993 | C16: Aug
A17: Id2320 | B17: 1996 | C17: Oct
... A2344: Id1 | B2344: 1968 | C2344: Oct

Sheet DATA CLEANING 3
A1: Customer ID | B1: smoker | C1: Hospital tier | D1: City tier | F1: Smoker:
A2: Id1 | B2: yes | C2: tier - 2 | D2: tier - 3 | F2: yes | G2: =COUNTIF(B:B, "yes") -> 488
A3: Id2 | B3: yes | C3: tier - 2 | D3: tier - 1 | F3: No | G3: =COUNTIF(B:B,"No") -> 1847
A4: Id3 | B4: yes | C4: tier - 2 | D4: tier - 1 | F4: Hospital tier:
A5: Id4 | B5: yes | C5: tier - 3 | D5: tier - 3 | F5: tier - 1 | G5: =COUNTIF(C:C,"tier - 1") -> 309
A6: Id5 | B6: yes | C6: tier - 3 | D6: tier - 3 | F6: tier - 2 | G6: =COUNTIF(C:C,"tier - 2") -> 1340
A7: Id6 | B7: yes | C7: tier - 3 | D7: tier - 3 | F7: tier - 3 | G7: =COUNTIF(C:C,"tier - 3") -> 694
A8: Id7 | B8: yes | C8: tier - 3 | D8: tier - 3 | F8: City tier:
A9: Id8 | B9: yes | C9: tier - 3 | D9: tier - 3 | F9: tier - 1 | G9: =COUNTIF(D:D,"tier - 1") -> 734
A10: Id9 | B10: yes | C10: tier - 3 | D10: tier - 2 | F10: tier - 2 | G10: =COUNTIF(D:D,"tier - 2") -> 813
A11: Id10 | B11: yes | C11: tier - 3 | D11: tier - 3 | F11: tier - 3 | G11: =COUNTIF(D:D,"tier - 3") -> 796
A12: Id11 | B12: yes | C12: tier - 3 | D12: tier - 2
A13: Id12 | B13: yes | C13: tier - 2 | D13: tier - 3
A14: Id13 | B14: yes | C14: tier - 3 | D14: tier - 1
A15: Id14 | B15: yes | C15: tier - 3 | D15: tier - 1
A16: Id15 | B16: yes | C16: tier - 3 | D16: tier - 1
A17: Id16 | B17: yes | C17: tier - 3 | D17: tier - 3
A18: Id17 | B18: yes | C18: tier - 3 | D18: tier - 3
A19: Id18 | B19: yes | C19: tier - 3 | D19: tier - 2
A20: Id19 | B20: yes | C20: tier - 3 | D20: tier - 2
A21: Id20 | B21: yes | C21: tier - 3 | D21: tier - 2
A22: Id21 | B22: yes | C22: tier - 3 | D22: tier - 1
A23: Id22 | B23: yes | C23: tier - 3 | D23: tier - 1
... A2336: Id2335 | B2336: No | C2336: tier - 1 | D2336: tier - 2
C2337: tier - 2 | D2337: tier - 2
C2338: tier - 1 | D2338: tier - 3
C2339: tier - 1 | D2339: tier - 3
C2340: tier - 1 | D2340: tier - 2
C2341: tier - 1 | D2341: tier - 3
C2342: tier - 1 | D2342: tier - 1
C2343: tier - 2 | D2343: tier - 3
C2344: tier - 1 | D2344: tier - 3

Sheet DATA CLEANING 4
A1: Customer ID | B1: State ID
A2: Id1 | B2: R1013
A3: Id2 | B3: R1013
A4: Id3 | B4: R1013
A5: Id4 | B5: R1013
A6: Id5 | B6: R1013 | C6: Missing values: | D6: =COUNTIF(B:B,"UNKNOWN") -> 2
A7: Id6 | B7: R1012
A8: Id7 | B8: R1013
A9: Id8 | B9: R1013
A10: Id9 | B10: R1012
A11: Id10 | B11: R1013
A12: Id11 | B12: R1013
A13: Id12 | B13: R1013
A14: Id13 | B14: R1013
A15: Id14 | B15: R1012
A16: Id15 | B16: R1013
A17: Id16 | B17: R1013
A18: Id17 | B18: R1013
... A2336: Id2335 | B2336: R1013
B2337: R1013
B2338: R1011
B2339: R1011
B2340: R1012
B2341: R1024
B2342: R1012
B2343: R1013
B2344: R1013

Sheet DATA TRANSFORMATION 1
A1: Customer ID | B1: name | C1: TITLE | D1: FIRST NAME | E1: LAST NAME
A2: Id1 | B2: Hawks, Ms. Kelly | C2: Ms | D2: Hawks | E2: Kelly
A3: Id2 | B3: Lehner, Mr. Matthew D | C3: Mr | D3: Lehner | E3: Matthew D
A4: Id3 | B4: Lu, Mr. Phil | C4: Mr | D4: Lu | E4: Phil
A5: Id4 | B5: Osborne, Ms. Kelsey | C5: Ms | D5: Osborne | E5: Kelsey
A6: Id5 | B6: Kadala, Ms. Kristyn | C6: Ms | D6: Kadala | E6: Kristyn
A7: Id6 | B7: Baker, Mr. Russell B. | C7: Mr | D7: Baker | E7: Russell B
A8: Id7 | B8: Macpherson, Mr. Scott | C8: Mr | D8: Macpherson | E8: Scott
A9: Id8 | B9: Hallman, Mr. Stephen | C9: Mr | D9: Hallman | E9: Stephen
A10: Id9 | B10: Moran, Mr. Patrick R. | C10: Mr | D10: Moran | E10: Patrick R
A11: Id10 | B11: Benner, Ms. Brooke N. | C11: Ms | D11: Benner | E11: Brooke N
A12: Id11 | B12: Fierro Vargas, Ms. Paola Andrea | C12: Ms | D12: Fierro Vargas | E12: Paola Andrea
... A2336: Id2335 | B2336: German, Mr. Aaron K | C2336: Mr | D2336: German | E2336: Aaron K

Sheet DATA TRANSFORMATION 2
A1: Customer ID | B1: NumberOfMajorSurgeries
A2: Id1 | B2: 0
A3: Id2 | B3: 0
A4: Id3 | B4: 2
A5: Id4 | B5: 0
A6: Id5 | B6: 0
A7: Id6 | B7: 0
A8: Id7 | B8: 0
A9: Id8 | B9: 3
A10: Id9 | B10: 1
A11: Id10 | B11: 0
A12: Id11 | B12: 2
A13: Id12 | B13: 0
... A2336: Id2335 | B2336: 1

Sheet DATA TRANSFORMATION 3
A1: Customer ID | B1: Heart Issues | C1: smoker
A2: Id1 | B2: No | C2: Yes
A3: Id2 | B3: No | C3: Yes
A4: Id3 | B4: Yes | C4: Yes
A5: Id4 | B5: No | C5: Yes
A6: Id5 | B6: No | C6: Yes
A7: Id6 | B7: No | C7: Yes
A8: Id7 | B8: No | C8: Yes
A9: Id8 | B9: No | C9: Yes
A10: Id9 | B10: Yes | C10: Yes
A11: Id10 | B11: No | C11: Yes
A12: Id11 | B12: Yes | C12: Yes
... A2336: Id2335 | B2336: No | C2336: No

Sheet DATA TRANSFORMATION 4
A1: Customer ID | B1: BMI | C1: Weight Status
A2: Id1 | B2: 47.41 | C2: =IF(B2<18.5,"Under Weight",IF(B2<25,"Normal Weight",IF(B2<30,"Over Weight","Obesity"))) -> Obesity
A3: Id2 | B3: 30.36 | C3: =IF(B3<18.5,"Under Weight",IF(B3<25,"Normal Weight",IF(B3<30,"Over Weight","Obesity"))) -> Obesity
A4: Id3 | B4: 34.485 | C4: =IF(B4<18.5,"Under Weight",IF(B4<25,"Normal Weight",IF(B4<30,"Over Weight","Obesity"))) -> Obesity
A5: Id4 | B5: 38.095 | C5: =IF(B5<18.5,"Under Weight",IF(B5<25,"Normal Weight",IF(B5<30,"Over Weight","Obesity"))) -> Obesity
A6: Id5 | B6: 35.53 | C6: =IF(B6<18.5,"Under Weight",IF(B6<25,"Normal Weight",IF(B6<30,"Over Weight","Obesity"))) -> Obesity
A7: Id6 | B7: 32.8 | C7: =IF(B7<18.5,"Under Weight",IF(B7<25,"Normal Weight",IF(B7<30,"Over Weight","Obesity"))) -> Obesity
A8: Id7 | B8: 36.4 | C8: =IF(B8<18.5,"Under Weight",IF(B8<25,"Normal Weight",IF(B8<30,"Over Weight","Obesity"))) -> Obesity
A9: Id8 | B9: 36.96 | C9: =IF(B9<18.5,"Under Weight",IF(B9<25,"Normal Weight",IF(B9<30,"Over Weight","Obesity"))) -> Obesity
A10: Id9 | B10: 41.14 | C10: =IF(B10<18.5,"Under Weight",IF(B10<25,"Normal Weight",IF(B10<30,"Over Weight","Obesity"))) -> Obesity
A11: Id10 | B11: 38.06 | C11: =IF(B11<18.5,"Under Weight",IF(B11<25,"Normal Weight",IF(B11<30,"Over Weight","Obesity"))) -> Obesity
A12: Id11 | B12: 37.7 | C12: =IF(B12<18.5,"Under Weight",IF(B12<25,"Normal Weight",IF(B12<30,"Over Weight","Obesity"))) -> Obesity
A13: Id12 | B13: 42.13 | C13: =IF(B13<18.5,"Under Weight",IF(B13<25,"Normal Weight",IF(B13<30,"Over Weight","Obesity"))) -> Obesity
... A2336: Id2335 | B2336: 17.58 | C2336: =IF(B2336<18.5,"Under Weight",IF(B2336<25,"Normal Weight",IF(B2336<30,"Over Weight","Obesity"))) -> Under Weight

Sheet DATA TRANSFORMATION 5
A1: Customer ID | B1: HBA1C | C1: Diabetes Status
A2: Id1 | B2: 7.47 | C2: =IF(B2<5.7,"Normal",IF(B2<6.5,"Prediabetes","Diabetes")) -> Diabetes
A3: Id2 | B3: 5.77 | C3: =IF(B3<5.7,"Normal",IF(B3<6.5,"Prediabetes","Diabetes")) -> Prediabetes
A4: Id3 | B4: 11.87 | C4: =IF(B4<5.7,"Normal",IF(B4<6.5,"Prediabetes","Diabetes")) -> Diabetes
A5: Id4 | B5: 6.05 | C5: =IF(B5<5.7,"Normal",IF(B5<6.5,"Prediabetes","Diabetes")) -> Prediabetes
A6: Id5 | B6: 5.45 | C6: =IF(B6<5.7,"Normal",IF(B6<6.5,"Prediabetes","Diabetes")) -> Normal
A7: Id6 | B7: 6.59 | C7: =IF(B7<5.7,"Normal",IF(B7<6.5,"Prediabetes","Diabetes")) -> Diabetes
A8: Id7 | B8: 6.07 | C8: =IF(B8<5.7,"Normal",IF(B8<6.5,"Prediabetes","Diabetes")) -> Prediabetes
A9: Id8 | B9: 7.93 | C9: =IF(B9<5.7,"Normal",IF(B9<6.5,"Prediabetes","Diabetes")) -> Diabetes
A10: Id9 | B10: 9.58 | C10: =IF(B10<5.7,"Normal",IF(B10<6.5,"Prediabetes","Diabetes")) -> Diabetes
A11: Id10 | B11: 10.79 | C11: =IF(B11<5.7,"Normal",IF(B11<6.5,"Prediabetes","Diabetes")) -> Diabetes
A12: Id11 | B12: 5.96 | C12: =IF(B12<5.7,"Normal",IF(B12<6.5,"Prediabetes","Diabetes")) -> Prediabetes
A13: Id12 | B13: 11.9 | C13: =IF(B13<5.7,"Normal",IF(B13<6.5,"Prediabetes","Diabetes")) -> Diabetes
... A2336: Id2335 | B2336: 4.51 | C2336: =IF(B2336<5.7,"Normal",IF(B2336<6.5,"Prediabetes","Diabetes")) -> Normal

Sheet DATA TRANSFORMATION 6
A1: Customer ID | B1: date | C1: month | D1: year | E1: Date Of Birth
A2: Id1 | B2: 9 | C2: Jul | D2: 1992 | E2: =CONCATENATE(B2,"-",C2,"-",D2) -> 9-Jul-1992
A3: Id2 | B3: 30 | C3: Nov | D3: 1992 | E3: =CONCATENATE(B3,"-",C3,"-",D3) -> 30-Nov-1992
A4: Id3 | B4: 30 | C4: Jun | D4: 1993 | E4: =CONCATENATE(B4,"-",C4,"-",D4) -> 30-Jun-1993
A5: Id4 | B5: 13 | C5: Sep | D5: 1992 | E5: =CONCATENATE(B5,"-",C5,"-",D5) -> 13-Sep-1992
A6: Id5 | B6: 27 | C6: Jul | D6: 1998 | E6: =CONCATENATE(B6,"-",C6,"-",D6) -> 27-Jul-1998
A7: Id6 | B7: 20 | C7: Nov | D7: 2001 | E7: =CONCATENATE(B7,"-",C7,"-",D7) -> 20-Nov-2001
A8: Id7 | B8: 1 | C8: Jun | D8: 1993 | E8: =CONCATENATE(B8,"-",C8,"-",D8) -> 1-Jun-1993
A9: Id8 | B9: 4 | C9: Jul | D9: 1995 | E9: =CONCATENATE(B9,"-",C9,"-",D9) -> 4-Jul-1995
A10: Id9 | B10: 29 | C10: Nov | D10: 2002 | E10: =CONCATENATE(B10,"-",C10,"-",D10) -> 29-Nov-2002
A11: Id10 | B11: 9 | C11: Nov | D11: 1997 | E11: =CONCATENATE(B11,"-",C11,"-",D11) -> 9-Nov-1997
A12: Id11 | B12: 12 | C12: Sep | D12: 2001 | E12: =CONCATENATE(B12,"-",C12,"-",D12) -> 12-Sep-2001
A13: Id12 | B13: 26 | C13: Dec | D13: 1999 | E13: =CONCATENATE(B13,"-",C13,"-",D13) -> 26-Dec-1999
... A2336: Id2335 | B2336: 4 | C2336: Sep | D2336: 1963 | E2336: =CONCATENATE(B2336,"-",C2336,"-",D2336) -> 4-Sep-1963
B2337: 27 | C2337: Jun | D2337: 1958 | E2337: =CONCATENATE(B2337,"-",C2337,"-",D2337) -> 27-Jun-1958
B2338: 27 | C2338: Oct | D2338: 1994 | E2338: =CONCATENATE(B2338,"-",C2338,"-",D2338) -> 27-Oct-1994
B2339: 4 | C2339: Aug | D2339: 1962 | E2339: =CONCATENATE(B2339,"-",C2339,"-",D2339) -> 4-Aug-1962
B2340: 19 | C2340: Jun | D2340: 1989 | E2340: =CONCATENATE(B2340,"-",C2340,"-",D2340) -> 19-Jun-1989
B2341: 6 | C2341: Jun | D2341: 1991 | E2341: =CONCATENATE(B2341,"-",C2341,"-",D2341) -> 6-Jun-1991
B2342: 11 | C2342: Sep | D2342: 1970 | E2342: =CONCATENATE(B2342,"-",C2342,"-",D2342) -> 11-Sep-1970
B2343: 8 | C2343: Jun | D2343: 1977 | E2343: =CONCATENATE(B2343,"-",C2343,"-",D2343) -> 8-Jun-1977
B2344: 12 | C2344: Oct | D2344: 1968 | E2344: =CONCATENATE(B2344,"-",C2344,"-",D2344) -> 12-Oct-1968

Sheet DATA TANSFORMATION 7
A1: Customer ID | B1: date | C1: month | D1: year | E1: Date Of Birth | F1: Age
A2: Id1 | B2: 9 | C2: Jul | D2: 1992 | E2: =CONCATENATE(B2,"-",C2,"-",D2) -> 9-Jul-1992 | F2: =DATEDIF(E2,DATE(2023,6,8),"Y") -> 30
A3: Id2 | B3: 30 | C3: Nov | D3: 1992 | E3: =CONCATENATE(B3,"-",C3,"-",D3) -> 30-Nov-1992 | F3: =DATEDIF(E3,DATE(2023,6,8),"Y") -> 30
A4: Id3 | B4: 30 | C4: Jun | D4: 1993 | E4: =CONCATENATE(B4,"-",C4,"-",D4) -> 30-Jun-1993 | F4: =DATEDIF(E4,DATE(2023,6,8),"Y") -> 29
A5: Id4 | B5: 13 | C5: Sep | D5: 1992 | E5: =CONCATENATE(B5,"-",C5,"-",D5) -> 13-Sep-1992 | F5: =DATEDIF(E5,DATE(2023,6,8),"Y") -> 30
A6: Id5 | B6: 27 | C6: Jul | D6: 1998 | E6: =CONCATENATE(B6,"-",C6,"-",D6) -> 27-Jul-1998 | F6: =DATEDIF(E6,DATE(2023,6,8),"Y") -> 24
A7: Id6 | B7: 20 | C7: Nov | D7: 2001 | E7: =CONCATENATE(B7,"-",C7,"-",D7) -> 20-Nov-2001 | F7: =DATEDIF(E7,DATE(2023,6,8),"Y") -> 21
A8: Id7 | B8: 1 | C8: Jun | D8: 1993 | E8: =CONCATENATE(B8,"-",C8,"-",D8) -> 1-Jun-1993 | F8: =DATEDIF(E8,DATE(2023,6,8),"Y") -> 30
A9: Id8 | B9: 4 | C9: Jul | D9: 1995 | E9: =CONCATENATE(B9,"-",C9,"-",D9) -> 4-Jul-1995 | F9: =DATEDIF(E9,DATE(2023,6,8),"Y") -> 27
A10: Id9 | B10: 29 | C10: Nov | D10: 2002 | E10: =CONCATENATE(B10,"-",C10,"-",D10) -> 29-Nov-2002 | F10: =DATEDIF(E10,DATE(2023,6,8),"Y") -> 20
A11: Id10 | B11: 9 | C11: Nov | D11: 1997 | E11: =CONCATENATE(B11,"-",C11,"-",D11) -> 9-Nov-1997 | F11: =DATEDIF(E11,DATE(2023,6,8),"Y") -> 25
A12: Id11 | B12: 12 | C12: Sep | D12: 2001 | E12: =CONCATENATE(B12,"-",C12,"-",D12) -> 12-Sep-2001 | F12: =DATEDIF(E12,DATE(2023,6,8),"Y") -> 21
A13: Id12 | B13: 26 | C13: Dec | D13: 1999 | E13: =CONCATENATE(B13,"-",C13,"-",D13) -> 26-Dec-1999 | F13: =DATEDIF(E13,DATE(2023,6,8),"Y") -> 23
... A2336: Id2335 | B2336: 4 | C2336: Sep | D2336: 1963 | E2336: =CONCATENATE(B2336,"-",C2336,"-",D2336) -> 4-Sep-1963 | F2336: =DATEDIF(E2336,DATE(2023,6,8),"Y") -> 59
B2337: 27 | C2337: Jun | D2337: 1958 | E2337: =CONCATENATE(B2337,"-",C2337,"-",D2337) -> 27-Jun-1958 | F2337: =DATEDIF(E2337,DATE(2023,6,8),"Y") -> 64
B2338: 27 | C2338: Oct | D2338: 1994 | E2338: =CONCATENATE(B2338,"-",C2338,"-",D2338) -> 27-Oct-1994 | F2338: =DATEDIF(E2338,DATE(2023,6,8),"Y") -> 28
B2339: 4 | C2339: Aug | D2339: 1962 | E2339: =CONCATENATE(B2339,"-",C2339,"-",D2339) -> 4-Aug-1962 | F2339: =DATEDIF(E2339,DATE(2023,6,8),"Y") -> 60
B2340: 19 | C2340: Jun | D2340: 1989 | E2340: =CONCATENATE(B2340,"-",C2340,"-",D2340) -> 19-Jun-1989 | F2340: =DATEDIF(E2340,DATE(2023,6,8),"Y") -> 33
B2341: 6 | C2341: Jun | D2341: 1991 | E2341: =CONCATENATE(B2341,"-",C2341,"-",D2341) -> 6-Jun-1991 | F2341: =DATEDIF(E2341,DATE(2023,6,8),"Y") -> 32
B2342: 11 | C2342: Sep | D2342: 1970 | E2342: =CONCATENATE(B2342,"-",C2342,"-",D2342) -> 11-Sep-1970 | F2342: =DATEDIF(E2342,DATE(2023,6,8),"Y") -> 52
B2343: 8 | C2343: Jun | D2343: 1977 | E2343: =CONCATENATE(B2343,"-",C2343,"-",D2343) -> 8-Jun-1977 | F2343: =DATEDIF(E2343,DATE(2023,6,8),"Y") -> 46
B2344: 12 | C2344: Oct | D2344: 1968 | E2344: =CONCATENATE(B2344,"-",C2344,"-",D2344) -> 12-Oct-1968 | F2344: =DATEDIF(E2344,DATE(2023,6,8),"Y") -> 54

Sheet DATA TRANSFORMATION 8
A1: Customer ID | B1: charges
A2: Id1 | B2: 563.84
A3: Id2 | B3: 570.62
A4: Id3 | B4: 600
A5: Id4 | B5: 604.54
A6: Id5 | B6: 637.26
A7: Id6 | B7: 646.14
A8: Id7 | B8: 650
A9: Id8 | B9: 650
A10: Id9 | B10: 668
A11: Id10 | B11: 670
A12: Id11 | B12: 687.54
A13: Id12 | B13: 700
... A2336: Id2335 | B2336: 48970.25
B2337: 49577.66
B2338: 51194.56
B2339: 52590.83
B2340: 55135.4
B2341: 58571.07
B2342: 60021.4
B2343: 62592.87
B2344: 63770.43

Sheet HEALTH CARE
A1: Customer ID | B1: First Name | C1: BMI | D1: HBA1C | E1: Heart Issues | F1: Any Transplants | G1: Cancer History | H1: Number Of Major Surgeries | I1: Smoker | J1: Weight Status | K1: Diabetes Status | L1: Date Of Birth | M1: Charges | N1: Hospital Tier | O1: City Tier | P1: State ID | Q1: Age
A2: Id1 | B2: =VLOOKUP(A2,'DATA TRANSFORMATION 1'!A:E,4,FALSE) -> Hawks | C2: =VLOOKUP(A2,'MEDICAL EXAMINATIONS'!A:H,2,FALSE) -> 47.41 | D2: =VLOOKUP(A2,'MEDICAL EXAMINATIONS'!A:H,3,FALSE) -> 7.47 | E2: =VLOOKUP(A2,'DATA TRANSFORMATION 3'!A:C,2,FALSE) -> No | F2: =VLOOKUP(A2,'MEDICAL EXAMINATIONS'!A:H,5,FALSE) -> No | G2: =VLOOKUP(A2,'MEDICAL EXAMINATIONS'!A:H,6,FALSE) -> No | H2: =VLOOKUP(A2,'DATA TRANSFORMATION 2'!A:B,2,FALSE) -> 0 | I2: =VLOOKUP(A2,'DATA TRANSFORMATION 3'!A:C,3,FALSE) -> Yes | J2: =VLOOKUP(A2,'DATA TRANSFORMATION 4'!A:C,3,FALSE) -> Obesity | K2: =VLOOKUP(A2,'DATA TRANSFORMATION 5'!A:C,3,FALSE) -> Diabetes | L2: =VLOOKUP(A2,'DATA TRANSFORMATION 6'!A:E,5,FALSE) -> 9-Jul-1992 | M2: =VLOOKUP(A2,'DATA TRANSFORMATION 8'!A:B,2,FALSE) -> 563.84 | N2: =VLOOKUP(A2,'DATA CLEANING 3'!A:D,3,FALSE) -> tier - 2 | O2: =VLOOKUP(A2,'DATA CLEANING 3'!A:D,4,FALSE) -> tier - 3 | P2: =VLOOKUP(A2,'DATA CLEANING 4'!A:B,2,FALSE) -> R1013 | Q2: =VLOOKUP(A2,'DATA TANSFORMATION 7'!A:F,6,FALSE) -> 30
A3: Id2 | B3: =VLOOKUP(A3,'DATA TRANSFORMATION 1'!A:E,4,FALSE) -> Lehner | C3: =VLOOKUP(A3,'MEDICAL EXAMINATIONS'!A:H,2,FALSE) -> 30.36 | D3: =VLOOKUP(A3,'MEDICAL EXAMINATIONS'!A:H,3,FALSE) -> 5.77 | E3: =VLOOKUP(A3,'DATA TRANSFORMATION 3'!A:C,2,FALSE) -> No | F3: =VLOOKUP(A3,'MEDICAL EXAMINATIONS'!A:H,5,FALSE) -> No | G3: =VLOOKUP(A3,'MEDICAL EXAMINATIONS'!A:H,6,FALSE) -> No | H3: =VLOOKUP(A3,'DATA TRANSFORMATION 2'!A:B,2,FALSE) -> 0 | I3: =VLOOKUP(A3,'DATA TRANSFORMATION 3'!A:C,3,FALSE) -> Yes | J3: =VLOOKUP(A3,'DATA TRANSFORMATION 4'!A:C,3,FALSE) -> Obesity | K3: =VLOOKUP(A3,'DATA TRANSFORMATION 5'!A:C,3,FALSE) -> Prediabetes | L3: =VLOOKUP(A3,'DATA TRANSFORMATION 6'!A:E,5,FALSE) -> 30-Nov-1992 | M3: =VLOOKUP(A3,'DATA TRANSFORMATION 8'!A:B,2,FALSE) -> 570.62 | N3: =VLOOKUP(A3,'DATA CLEANING 3'!A:D,3,FALSE) -> tier - 2 | O3: =VLOOKUP(A3,'DATA CLEANING 3'!A:D,4,FALSE) -> tier - 1 | P3: =VLOOKUP(A3,'DATA CLEANING 4'!A:B,2,FALSE) -> R1013 | Q3: =VLOOKUP(A3,'DATA TANSFORMATION 7'!A:F,6,FALSE) -> 30
A4: Id3 | B4: =VLOOKUP(A4,'DATA TRANSFORMATION 1'!A:E,4,FALSE) -> Lu | C4: =VLOOKUP(A4,'MEDICAL EXAMINATIONS'!A:H,2,FALSE) -> 34.485 | D4: =VLOOKUP(A4,'MEDICAL EXAMINATIONS'!A:H,3,FALSE) -> 11.87 | E4: =VLOOKUP(A4,'DATA TRANSFORMATION 3'!A:C,2,FALSE) -> Yes | F4: =VLOOKUP(A4,'MEDICAL EXAMINATIONS'!A:H,5,FALSE) -> No | G4: =VLOOKUP(A4,'MEDICAL EXAMINATIONS'!A:H,6,FALSE) -> No | H4: =VLOOKUP(A4,'DATA TRANSFORMATION 2'!A:B,2,FALSE) -> 2 | I4: =VLOOKUP(A4,'DATA TRANSFORMATION 3'!A:C,3,FALSE) -> Yes | J4: =VLOOKUP(A4,'DATA TRANSFORMATION 4'!A:C,3,FALSE) -> Obesity | K4: =VLOOKUP(A4,'DATA TRANSFORMATION 5'!A:C,3,FALSE) -> Diabetes | L4: =VLOOKUP(A4,'DATA TRANSFORMATION 6'!A:E,5,FALSE) -> 30-Jun-1993 | M4: =VLOOKUP(A4,'DATA TRANSFORMATION 8'!A:B,2,FALSE) -> 600 | N4: =VLOOKUP(A4,'DATA CLEANING 3'!A:D,3,FALSE) -> tier - 2 | O4: =VLOOKUP(A4,'DATA CLEANING 3'!A:D,4,FALSE) -> tier - 1 | P4: =VLOOKUP(A4,'DATA CLEANING 4'!A:B,2,FALSE) -> R1013 | Q4: =VLOOKUP(A4,'DATA TANSFORMATION 7'!A:F,6,FALSE) -> 29
A5: Id4 | B5: =VLOOKUP(A5,'DATA TRANSFORMATION 1'!A:E,4,FALSE) -> Osborne | C5: =VLOOKUP(A5,'MEDICAL EXAMINATIONS'!A:H,2,FALSE) -> 38.095 | D5: =VLOOKUP(A5,'MEDICAL EXAMINATIONS'!A:H,3,FALSE) -> 6.05 | E5: =VLOOKUP(A5,'DATA TRANSFORMATION 3'!A:C,2,FALSE) -> No | F5: =VLOOKUP(A5,'MEDICAL EXAMINATIONS'!A:H,5,FALSE) -> No | G5: =VLOOKUP(A5,'MEDICAL EXAMINATIONS'!A:H,6,FALSE) -> No | H5: =VLOOKUP(A5,'DATA TRANSFORMATION 2'!A:B,2,FALSE) -> 0 | I5: =VLOOKUP(A5,'DATA TRANSFORMATION 3'!A:C,3,FALSE) -> Yes | J5: =VLOOKUP(A5,'DATA TRANSFORMATION 4'!A:C,3,FALSE) -> Obesity | K5: =VLOOKUP(A5,'DATA TRANSFORMATION 5'!A:C,3,FALSE) -> Prediabetes | L5: =VLOOKUP(A5,'DATA TRANSFORMATION 6'!A:E,5,FALSE) -> 13-Sep-1992 | M5: =VLOOKUP(A5,'DATA TRANSFORMATION 8'!A:B,2,FALSE) -> 604.54 | N5: =VLOOKUP(A5,'DATA CLEANING 3'!A:D,3,FALSE) -> tier - 3 | O5: =VLOOKUP(A5,'DATA CLEANING 3'!A:D,4,FALSE) -> tier - 3 | P5: =VLOOKUP(A5,'DATA CLEANING 4'!A:B,2,FALSE) -> R1013 | Q5: =VLOOKUP(A5,'DATA TANSFORMATION 7'!A:F,6,FALSE) -> 30
A6: Id5 | B6: =VLOOKUP(A6,'DATA TRANSFORMATION 1'!A:E,4,FALSE) -> Kadala | C6: =VLOOKUP(A6,'MEDICAL EXAMINATIONS'!A:H,2,FALSE) -> 35.53 | D6: =VLOOKUP(A6,'MEDICAL EXAMINATIONS'!A:H,3,FALSE) -> 5.45 | E6: =VLOOKUP(A6,'DATA TRANSFORMATION 3'!A:C,2,FALSE) -> No | F6: =VLOOKUP(A6,'MEDICAL EXAMINATIONS'!A:H,5,FALSE) -> No | G6: =VLOOKUP(A6,'MEDICAL EXAMINATIONS'!A:H,6,FALSE) -> No | H6: =VLOOKUP(A6,'DATA TRANSFORMATION 2'!A:B,2,FALSE) -> 0 | I6: =VLOOKUP(A6,'DATA TRANSFORMATION 3'!A:C,3,FALSE) -> Yes | J6: =VLOOKUP(A6,'DATA TRANSFORMATION 4'!A:C,3,FALSE) -> Obesity | K6: =VLOOKUP(A6,'DATA TRANSFORMATION 5'!A:C,3,FALSE) -> Normal | L6: =VLOOKUP(A6,'DATA TRANSFORMATION 6'!A:E,5,FALSE) -> 27-Jul-1998 | M6: =VLOOKUP(A6,'DATA TRANSFORMATION 8'!A:B,2,FALSE) -> 637.26 | N6: =VLOOKUP(A6,'DATA CLEANING 3'!A:D,3,FALSE) -> tier - 3 | O6: =VLOOKUP(A6,'DATA CLEANING 3'!A:D,4,FALSE) -> tier - 3 | P6: =VLOOKUP(A6,'DATA CLEANING 4'!A:B,2,FALSE) -> R1013 | Q6: =VLOOKUP(A6,'DATA TANSFORMATION 7'!A:F,6,FALSE) -> 24
A7: Id6 | B7: =VLOOKUP(A7,'DATA TRANSFORMATION 1'!A:E,4,FALSE) -> Baker | C7: =VLOOKUP(A7,'MEDICAL EXAMINATIONS'!A:H,2,FALSE) -> 32.8 | D7: =VLOOKUP(A7,'MEDICAL EXAMINATIONS'!A:H,3,FALSE) -> 6.59 | E7: =VLOOKUP(A7,'DATA TRANSFORMATION 3'!A:C,2,FALSE) -> No | F7: =VLOOKUP(A7,'MEDICAL EXAMINATIONS'!A:H,5,FALSE) -> No | G7: =VLOOKUP(A7,'MEDICAL EXAMINATIONS'!A:H,6,FALSE) -> No | H7: =VLOOKUP(A7,'DATA TRANSFORMATION 2'!A:B,2,FALSE) -> 0 | I7: =VLOOKUP(A7,'DATA TRANSFORMATION 3'!A:C,3,FALSE) -> Yes | J7: =VLOOKUP(A7,'DATA TRANSFORMATION 4'!A:C,3,FALSE) -> Obesity | K7: =VLOOKUP(A7,'DATA TRANSFORMATION 5'!A:C,3,FALSE) -> Diabetes | L7: =VLOOKUP(A7,'DATA TRANSFORMATION 6'!A:E,5,FALSE) -> 20-Nov-2001 | M7: =VLOOKUP(A7,'DATA TRANSFORMATION 8'!A:B,2,FALSE) -> 646.14 | N7: =VLOOKUP(A7,'DATA CLEANING 3'!A:D,3,FALSE) -> tier - 3 | O7: =VLOOKUP(A7,'DATA CLEANING 3'!A:D,4,FALSE) -> tier - 3 | P7: =VLOOKUP(A7,'DATA CLEANING 4'!A:B,2,FALSE) -> R1012 | Q7: =VLOOKUP(A7,'DATA TANSFORMATION 7'!A:F,6,FALSE) -> 21
A8: Id7 | B8: =VLOOKUP(A8,'DATA TRANSFORMATION 1'!A:E,4,FALSE) -> Macpherson | C8: =VLOOKUP(A8,'MEDICAL EXAMINATIONS'!A:H,2,FALSE) -> 36.4 | D8: =VLOOKUP(A8,'MEDICAL EXAMINATIONS'!A:H,3,FALSE) -> 6.07 | E8: =VLOOKUP(A8,'DATA TRANSFORMATION 3'!A:C,2,FALSE) -> No | F8: =VLOOKUP(A8,'MEDICAL EXAMINATIONS'!A:H,5,FALSE) -> No | G8: =VLOOKUP(A8,'MEDICAL EXAMINATIONS'!A:H,6,FALSE) -> No | H8: =VLOOKUP(A8,'DATA TRANSFORMATION 2'!A:B,2,FALSE) -> 0 | I8: =VLOOKUP(A8,'DATA TRANSFORMATION 3'!A:C,3,FALSE) -> Yes | J8: =VLOOKUP(A8,'DATA TRANSFORMATION 4'!A:C,3,FALSE) -> Obesity | K8: =VLOOKUP(A8,'DATA TRANSFORMATION 5'!A:C,3,FALSE) -> Prediabetes | L8: =VLOOKUP(A8,'DATA TRANSFORMATION 6'!A:E,5,FALSE) -> 1-Jun-1993 | M8: =VLOOKUP(A8,'DATA TRANSFORMATION 8'!A:B,2,FALSE) -> 650 | N8: =VLOOKUP(A8,'DATA CLEANING 3'!A:D,3,FALSE) -> tier - 3 | O8: =VLOOKUP(A8,'DATA CLEANING 3'!A:D,4,FALSE) -> tier - 3 | P8: =VLOOKUP(A8,'DATA CLEANING 4'!A:B,2,FALSE) -> R1013 | Q8: =VLOOKUP(A8,'DATA TANSFORMATION 7'!A:F,6,FALSE) -> 30
A9: Id8 | B9: =VLOOKUP(A9,'DATA TRANSFORMATION 1'!A:E,4,FALSE) -> Hallman | C9: =VLOOKUP(A9,'MEDICAL EXAMINATIONS'!A:H,2,FALSE) -> 36.96 | D9: =VLOOKUP(A9,'MEDICAL EXAMINATIONS'!A:H,3,FALSE) -> 7.93 | E9: =VLOOKUP(A9,'DATA TRANSFORMATION 3'!A:C,2,FALSE) -> No | F9: =VLOOKUP(A9,'MEDICAL EXAMINATIONS'!A:H,5,FALSE) -> No | G9: =VLOOKUP(A9,'MEDICAL EXAMINATIONS'!A:H,6,FALSE) -> No | H9: =VLOOKUP(A9,'DATA TRANSFORMATION 2'!A:B,2,FALSE) -> 3 | I9: =VLOOKUP(A9,'DATA TRANSFORMATION 3'!A:C,3,FALSE) -> Yes | J9: =VLOOKUP(A9,'DATA TRANSFORMATION 4'!A:C,3,FALSE) -> Obesity | K9: =VLOOKUP(A9,'DATA TRANSFORMATION 5'!A:C,3,FALSE) -> Diabetes | L9: =VLOOKUP(A9,'DATA TRANSFORMATION 6'!A:E,5,FALSE) -> 4-Jul-1995 | M9: =VLOOKUP(A9,'DATA TRANSFORMATION 8'!A:B,2,FALSE) -> 650 | N9: =VLOOKUP(A9,'DATA CLEANING 3'!A:D,3,FALSE) -> tier - 3 | O9: =VLOOKUP(A9,'DATA CLEANING 3'!A:D,4,FALSE) -> tier - 3 | P9: =VLOOKUP(A9,'DATA CLEANING 4'!A:B,2,FALSE) -> R1013 | Q9: =VLOOKUP(A9,'DATA TANSFORMATION 7'!A:F,6,FALSE) -> 27
A10: Id9 | B10: =VLOOKUP(A10,'DATA TRANSFORMATION 1'!A:E,4,FALSE) -> Moran | C10: =VLOOKUP(A10,'MEDICAL EXAMINATIONS'!A:H,2,FALSE) -> 41.14 | D10: =VLOOKUP(A10,'MEDICAL EXAMINATIONS'!A:H,3,FALSE) -> 9.58 | E10: =VLOOKUP(A10,'DATA TRANSFORMATION 3'!A:C,2,FALSE) -> Yes | F10: =VLOOKUP(A10,'MEDICAL EXAMINATIONS'!A:H,5,FALSE) -> No | G10: =VLOOKUP(A10,'MEDICAL EXAMINATIONS'!A:H,6,FALSE) -> Yes | H10: =VLOOKUP(A10,'DATA TRANSFORMATION 2'!A:B,2,FALSE) -> 1 | I10: =VLOOKUP(A10,'DATA TRANSFORMATION 3'!A:C,3,FALSE) -> Yes | J10: =VLOOKUP(A10,'DATA TRANSFORMATION 4'!A:C,3,FALSE) -> Obesity | K10: =VLOOKUP(A10,'DATA TRANSFORMATION 5'!A:C,3,FALSE) -> Diabetes | L10: =VLOOKUP(A10,'DATA TRANSFORMATION 6'!A:E,5,FALSE) -> 29-Nov-2002 | M10: =VLOOKUP(A10,'DATA TRANSFORMATION 8'!A:B,2,FALSE) -> 668 | N10: =VLOOKUP(A10,'DATA CLEANING 3'!A:D,3,FALSE) -> tier - 3 | O10: =VLOOKUP(A10,'DATA CLEANING 3'!A:D,4,FALSE) -> tier - 2 | P10: =VLOOKUP(A10,'DATA CLEANING 4'!A:B,2,FALSE) -> R1012 | Q10: =VLOOKUP(A10,'DATA TANSFORMATION 7'!A:F,6,FALSE) -> 20
A11: Id10 | B11: =VLOOKUP(A11,'DATA TRANSFORMATION 1'!A:E,4,FALSE) -> Benner | C11: =VLOOKUP(A11,'MEDICAL EXAMINATIONS'!A:H,2,FALSE) -> 38.06 | D11: =VLOOKUP(A11,'MEDICAL EXAMINATIONS'!A:H,3,FALSE) -> 10.79 | E11: =VLOOKUP(A11,'DATA TRANSFORMATION 3'!A:C,2,FALSE) -> No | F11: =VLOOKUP(A11,'MEDICAL EXAMINATIONS'!A:H,5,FALSE) -> No | G11: =VLOOKUP(A11,'MEDICAL EXAMINATIONS'!A:H,6,FALSE) -> No | H11: =VLOOKUP(A11,'DATA TRANSFORMATION 2'!A:B,2,FALSE) -> 0 | I11: =VLOOKUP(A11,'DATA TRANSFORMATION 3'!A:C,3,FALSE) -> Yes | J11: =VLOOKUP(A11,'DATA TRANSFORMATION 4'!A:C,3,FALSE) -> Obesity | K11: =VLOOKUP(A11,'DATA TRANSFORMATION 5'!A:C,3,FALSE) -> Diabetes | L11: =VLOOKUP(A11,'DATA TRANSFORMATION 6'!A:E,5,FALSE) -> 9-Nov-1997 | M11: =VLOOKUP(A11,'DATA TRANSFORMATION 8'!A:B,2,FALSE) -> 670 | N11: =VLOOKUP(A11,'DATA CLEANING 3'!A:D,3,FALSE) -> tier - 3 | O11: =VLOOKUP(A11,'DATA CLEANING 3'!A:D,4,FALSE) -> tier - 3 | P11: =VLOOKUP(A11,'DATA CLEANING 4'!A:B,2,FALSE) -> R1013 | Q11: =VLOOKUP(A11,'DATA TANSFORMATION 7'!A:F,6,FALSE) -> 25
A12: Id11 | B12: =VLOOKUP(A12,'DATA TRANSFORMATION 1'!A:E,4,FALSE) -> Fierro Vargas | C12: =VLOOKUP(A12,'MEDICAL EXAMINATIONS'!A:H,2,FALSE) -> 37.7 | D12: =VLOOKUP(A12,'MEDICAL EXAMINATIONS'!A:H,3,FALSE) -> 5.96 | E12: =VLOOKUP(A12,'DATA TRANSFORMATION 3'!A:C,2,FALSE) -> Yes | F12: =VLOOKUP(A12,'MEDICAL EXAMINATIONS'!A:H,5,FALSE) -> No | G12: =VLOOKUP(A12,'MEDICAL EXAMINATIONS'!A:H,6,FALSE) -> No | H12: =VLOOKUP(A12,'DATA TRANSFORMATION 2'!A:B,2,FALSE) -> 2 | I12: =VLOOKUP(A12,'DATA TRANSFORMATION 3'!A:C,3,FALSE) -> Yes | J12: =VLOOKUP(A12,'DATA TRANSFORMATION 4'!A:C,3,FALSE) -> Obesity | K12: =VLOOKUP(A12,'DATA TRANSFORMATION 5'!A:C,3,FALSE) -> Prediabetes | L12: =VLOOKUP(A12,'DATA TRANSFORMATION 6'!A:E,5,FALSE) -> 12-Sep-2001 | M12: =VLOOKUP(A12,'DATA TRANSFORMATION 8'!A:B,2,FALSE) -> 687.54 | N12: =VLOOKUP(A12,'DATA CLEANING 3'!A:D,3,FALSE) -> tier - 3 | O12: =VLOOKUP(A12,'DATA CLEANING 3'!A:D,4,FALSE) -> tier - 2 | P12: =VLOOKUP(A12,'DATA CLEANING 4'!A:B,2,FALSE) -> R1013 | Q12: =VLOOKUP(A12,'DATA TANSFORMATION 7'!A:F,6,FALSE) -> 21
A13: Id12 | B13: =VLOOKUP(A13,'DATA TRANSFORMATION 1'!A:E,4,FALSE) -> Franz | C13: =VLOOKUP(A13,'MEDICAL EXAMINATIONS'!A:H,2,FALSE) -> 42.13 | D13: =VLOOKUP(A13,'MEDICAL EXAMINATIONS'!A:H,3,FALSE) -> 11.9 | E13: =VLOOKUP(A13,'DATA TRANSFORMATION 3'!A:C,2,FALSE) -> No | F13: =VLOOKUP(A13,'MEDICAL EXAMINATIONS'!A:H,5,FALSE) -> No | G13: =VLOOKUP(A13,'MEDICAL EXAMINATIONS'!A:H,6,FALSE) -> No | H13: =VLOOKUP(A13,'DATA TRANSFORMATION 2'!A:B,2,FALSE) -> 0 | I13: =VLOOKUP(A13,'DATA TRANSFORMATION 3'!A:C,3,FALSE) -> Yes | J13: =VLOOKUP(A13,'DATA TRANSFORMATION 4'!A:C,3,FALSE) -> Obesity | K13: =VLOOKUP(A13,'DATA TRANSFORMATION 5'!A:C,3,FALSE) -> Diabetes | L13: =VLOOKUP(A13,'DATA TRANSFORMATION 6'!A:E,5,FALSE) -> 26-Dec-1999 | M13: =VLOOKUP(A13,'DATA TRANSFORMATION 8'!A:B,2,FALSE) -> 700 | N13: =VLOOKUP(A13,'DATA CLEANING 3'!A:D,3,FALSE) -> tier - 2 | O13: =VLOOKUP(A13,'DATA CLEANING 3'!A:D,4,FALSE) -> tier - 3 | P13: =VLOOKUP(A13,'DATA CLEANING 4'!A:B,2,FALSE) -> R1013 | Q13: =VLOOKUP(A13,'DATA TANSFORMATION 7'!A:F,6,FALSE) -> 23
... A2336: Id2335 | B2336: =VLOOKUP(A2336,'DATA TRANSFORMATION 1'!A:E,4,FALSE) -> German | C2336: =VLOOKUP(A2336,'MEDICAL EXAMINATIONS'!A:H,2,FALSE) -> 17.58 | D2336: =VLOOKUP(A2336,'MEDICAL EXAMINATIONS'!A:H,3,FALSE) -> 4.51 | E2336: =VLOOKUP(A2336,'DATA TRANSFORMATION 3'!A:C,2,FALSE) -> No | F2336: =VLOOKUP(A2336,'MEDICAL EXAMINATIONS'!A:H,5,FALSE) -> No | G2336: =VLOOKUP(A2336,'MEDICAL EXAMINATIONS'!A:H,6,FALSE) -> No | H2336: =VLOOKUP(A2336,'DATA TRANSFORMATION 2'!A:B,2,FALSE) -> 1 | I2336: =VLOOKUP(A2336,'DATA TRANSFORMATION 3'!A:C,3,FALSE) -> No | J2336: =VLOOKUP(A2336,'DATA TRANSFORMATION 4'!A:C,3,FALSE) -> Under Weight | K2336: =VLOOKUP(A2336,'DATA TRANSFORMATION 5'!A:C,3,FALSE) -> Normal | L2336: =VLOOKUP(A2336,'DATA TRANSFORMATION 6'!A:E,5,FALSE) -> 4-Sep-1963 | M2336: =VLOOKUP(A2336,'DATA TRANSFORMATION 8'!A:B,2,FALSE) -> 48970.25 | N2336: =VLOOKUP(A2336,'DATA CLEANING 3'!A:D,3,FALSE) -> tier - 1 | O2336: =VLOOKUP(A2336,'DATA CLEANING 3'!A:D,4,FALSE) -> tier - 2 | P2336: =VLOOKUP(A2336,'DATA CLEANING 4'!A:B,2,FALSE) -> R1013 | Q2336: =VLOOKUP(A2336,'DATA TANSFORMATION 7'!A:F,6,FALSE) -> 59

Sheet DONUT & PIE CHART
A1: Analysis using Pie/Donut Chart:
A2: ➢ What is the distribution of cancer history among smokers and non-smokers?
A4: Count of Customer ID | B4: Column Labels
A5: Row Labels | B5: No | C5: Yes | D5: Grand Total
A6: No | B6: 1540 | C6: 307 | D6: 1847
A7: Yes | B7: 404 | C7: 84 | D7: 488
A8: Grand Total | B8: 1944 | C8: 391 | D8: 2335
A19: ➢ How does the total number of major surgeries and average HbA1C differ between patients with and without a history of transplants?
A21: Row Labels | B21: Sum of Number Of Major Surgeries | C21: Average of HBA1C
A22: No | B22: 1417 | C22: 6.6704427
A23: yes | B23: 162 | C23: 5.1876389
A24: Grand Total | B24: 1579 | C24: 6.5789979

Sheet COLUMN & BAR CHART
A1: Analysis using Column/Bar Chart:
A2: ➢ How do healthcare charges vary based on different weight statuses and diabetes statuses?
A4: Average of Charges | B4: Column Labels
A5: Row Labels | B5: Diabetes | C5: Normal | D5: Prediabetes | E5: Grand Total
A6: Normal Weight | B6: 11479.97 | C6: 20543.856 | D6: 18540.769 | E6: 17284.97
A7: Obesity | B7: 7087.4227 | C7: 12339.852 | D7: 12153.11 | E7: 10483.967
A8: Over Weight | B8: 9134.9181 | C8: 15377.494 | D8: 16497.218 | E8: 13662.615
A9: Under Weight | B9: 17912.901 | C9: 26863.078 | D9: 25824.313 | E9: 23386.455
A10: Grand Total | B10: 9173.7453 | C10: 15700.448 | D10: 15200.076 | E10: 13411.324
A17: ➢ Can you compare the average charges for each hospital tier within different states?
A19: Average of Charges | B19: Column Labels
A20: Row Labels | B20: tier - 1 | C20: tier - 2 | D20: tier - 3 | E20: Grand Total
A21: R1011 | B21: 32861.436 | C21: 18997.281 | D21: 9250.3618 | E21: 19445.172
A22: R1012 | B22: 24775.306 | C22: 10312.047 | D22: 10179.942 | E22: 11831.817
A23: R1013 | B23: 30888.292 | C23: 8183.81 | D23: 6857.1092 | E23: 10302.197
A24: R1014 | B24: 13891.86 | C24: 2395.17 | D24: 16950.485 | E24: 13478.057
A25: R1015 | B25: 21523.52 | C25: 16433.907 | D25: 7570.755 | E25: 14489.801
A26: R1016 | B26: 39868.616 | C26: 16075.963 | D26: 8133.0084 | E26: 13589.263
A27: R1017 | B27: 34070.596 | C27: 11365.622 | D27: 8667.3662 | E27: 14806.108
A28: R1018 | B28: 33475.82 | C28: 10139.553 | D28: 12570.97 | E28: 13272.787
A29: R1019 | B29: 27621.61 | C29: 8116.72 | D29: 12706.976 | E29: 13633.143
A30: R1020 | C30: 6760.5433 | D30: 11716.453 | E30: 9238.4983
A31: R1021 | C31: 7668.1787 | D31: 11518.786 | E31: 8933.3781
A32: R1022 | C32: 10102.027 | D32: 11637.812 | E32: 10650.521
A33: R1023 | B33: 18261.757 | C33: 13457.095 | D33: 12785.637 | E33: 13786.149
A34: R1024 | B34: 30744.581 | C34: 10174.346 | D34: 13360.979 | E34: 12577.691
A35: R1025 | C35: 6886.0368 | D35: 10510.314 | E35: 8788.7823
A36: R1026 | B36: 18709.798 | C36: 11919.608 | D36: 12296.78 | E36: 12489.921
A37: UNKNOWN | B37: 20996.53 | E37: 20996.53
A38: Grand Total | B38: 29602.752 | C38: 11799.192 | D38: 9450.2733 | E38: 13411.324

Sheet LINE & SCATTER PLOT
A1: Analysis using Line / Scatter Plot: | P1: Customer ID | Q1: Age | R1: BMI | S1: HbA1C | AI1: Customer ID | AJ1: Age | AK1: Charges
P2: Id1 | Q2: =VLOOKUP(P2,'DATA TANSFORMATION 7'!A:F,6,FALSE) -> 30 | R2: =VLOOKUP(P2,'DATA TRANSFORMATION 4'!A:C,2,FALSE) -> 47.41 | S2: =VLOOKUP(P2,'DATA TRANSFORMATION 5'!A:C,2,FALSE) -> 7.47 | U2: ➢ Explore the relationship between age and healthcare charges. | AI2: Id1 | AJ2: =VLOOKUP(AI2,'DATA TANSFORMATION 7'!A:F,6,FALSE) -> 30 | AK2: =VLOOKUP(AI2,'DATA TRANSFORMATION 8'!A:B,2,FALSE) -> 563.84
A3: ➢ Is there any correlation between age and both BMI and HbA1C in the dataset? | P3: Id2 | Q3: =VLOOKUP(P3,'DATA TANSFORMATION 7'!A:F,6,FALSE) -> 30 | R3: =VLOOKUP(P3,'DATA TRANSFORMATION 4'!A:C,2,FALSE) -> 30.36 | S3: =VLOOKUP(P3,'DATA TRANSFORMATION 5'!A:C,2,FALSE) -> 5.77 | AI3: Id2 | AJ3: =VLOOKUP(AI3,'DATA TANSFORMATION 7'!A:F,6,FALSE) -> 30 | AK3: =VLOOKUP(AI3,'DATA TRANSFORMATION 8'!A:B,2,FALSE) -> 570.62
P4: Id3 | Q4: =VLOOKUP(P4,'DATA TANSFORMATION 7'!A:F,6,FALSE) -> 29 | R4: =VLOOKUP(P4,'DATA TRANSFORMATION 4'!A:C,2,FALSE) -> 34.485 | S4: =VLOOKUP(P4,'DATA TRANSFORMATION 5'!A:C,2,FALSE) -> 11.87 | AI4: Id3 | AJ4: =VLOOKUP(AI4,'DATA TANSFORMATION 7'!A:F,6,FALSE) -> 29 | AK4: =VLOOKUP(AI4,'DATA TRANSFORMATION 8'!A:B,2,FALSE) -> 600
P5: Id4 | Q5: =VLOOKUP(P5,'DATA TANSFORMATION 7'!A:F,6,FALSE) -> 30 | R5: =VLOOKUP(P5,'DATA TRANSFORMATION 4'!A:C,2,FALSE) -> 38.095 | S5: =VLOOKUP(P5,'DATA TRANSFORMATION 5'!A:C,2,FALSE) -> 6.05 | AI5: Id4 | AJ5: =VLOOKUP(AI5,'DATA TANSFORMATION 7'!A:F,6,FALSE) -> 30 | AK5: =VLOOKUP(AI5,'DATA TRANSFORMATION 8'!A:B,2,FALSE) -> 604.54
P6: Id5 | Q6: =VLOOKUP(P6,'DATA TANSFORMATION 7'!A:F,6,FALSE) -> 24 | R6: =VLOOKUP(P6,'DATA TRANSFORMATION 4'!A:C,2,FALSE) -> 35.53 | S6: =VLOOKUP(P6,'DATA TRANSFORMATION 5'!A:C,2,FALSE) -> 5.45 | AI6: Id5 | AJ6: =VLOOKUP(AI6,'DATA TANSFORMATION 7'!A:F,6,FALSE) -> 24 | AK6: =VLOOKUP(AI6,'DATA TRANSFORMATION 8'!A:B,2,FALSE) -> 637.26
P7: Id6 | Q7: =VLOOKUP(P7,'DATA TANSFORMATION 7'!A:F,6,FALSE) -> 21 | R7: =VLOOKUP(P7,'DATA TRANSFORMATION 4'!A:C,2,FALSE) -> 32.8 | S7: =VLOOKUP(P7,'DATA TRANSFORMATION 5'!A:C,2,FALSE) -> 6.59 | AI7: Id6 | AJ7: =VLOOKUP(AI7,'DATA TANSFORMATION 7'!A:F,6,FALSE) -> 21 | AK7: =VLOOKUP(AI7,'DATA TRANSFORMATION 8'!A:B,2,FALSE) -> 646.14
P8: Id7 | Q8: =VLOOKUP(P8,'DATA TANSFORMATION 7'!A:F,6,FALSE) -> 30 | R8: =VLOOKUP(P8,'DATA TRANSFORMATION 4'!A:C,2,FALSE) -> 36.4 | S8: =VLOOKUP(P8,'DATA TRANSFORMATION 5'!A:C,2,FALSE) -> 6.07 | AI8: Id7 | AJ8: =VLOOKUP(AI8,'DATA TANSFORMATION 7'!A:F,6,FALSE) -> 30 | AK8: =VLOOKUP(AI8,'DATA TRANSFORMATION 8'!A:B,2,FALSE) -> 650
P9: Id8 | Q9: =VLOOKUP(P9,'DATA TANSFORMATION 7'!A:F,6,FALSE) -> 27 | R9: =VLOOKUP(P9,'DATA TRANSFORMATION 4'!A:C,2,FALSE) -> 36.96 | S9: =VLOOKUP(P9,'DATA TRANSFORMATION 5'!A:C,2,FALSE) -> 7.93 | AI9: Id8 | AJ9: =VLOOKUP(AI9,'DATA TANSFORMATION 7'!A:F,6,FALSE) -> 27 | AK9: =VLOOKUP(AI9,'DATA TRANSFORMATION 8'!A:B,2,FALSE) -> 650
P10: Id9 | Q10: =VLOOKUP(P10,'DATA TANSFORMATION 7'!A:F,6,FALSE) -> 20 | R10: =VLOOKUP(P10,'DATA TRANSFORMATION 4'!A:C,2,FALSE) -> 41.14 | S10: =VLOOKUP(P10,'DATA TRANSFORMATION 5'!A:C,2,FALSE) -> 9.58 | AI10: Id9 | AJ10: =VLOOKUP(AI10,'DATA TANSFORMATION 7'!A:F,6,FALSE) -> 20 | AK10: =VLOOKUP(AI10,'DATA TRANSFORMATION 8'!A:B,2,FALSE) -> 668
P11: Id10 | Q11: =VLOOKUP(P11,'DATA TANSFORMATION 7'!A:F,6,FALSE) -> 25 | R11: =VLOOKUP(P11,'DATA TRANSFORMATION 4'!A:C,2,FALSE) -> 38.06 | S11: =VLOOKUP(P11,'DATA TRANSFORMATION 5'!A:C,2,FALSE) -> 10.79 | AI11: Id10 | AJ11: =VLOOKUP(AI11,'DATA TANSFORMATION 7'!A:F,6,FALSE) -> 25 | AK11: =VLOOKUP(AI11,'DATA TRANSFORMATION 8'!A:B,2,FALSE) -> 670
P12: Id11 | Q12: =VLOOKUP(P12,'DATA TANSFORMATION 7'!A:F,6,FALSE) -> 21 | R12: =VLOOKUP(P12,'DATA TRANSFORMATION 4'!A:C,2,FALSE) -> 37.7 | S12: =VLOOKUP(P12,'DATA TRANSFORMATION 5'!A:C,2,FALSE) -> 5.96 | AI12: Id11 | AJ12: =VLOOKUP(AI12,'DATA TANSFORMATION 7'!A:F,6,FALSE) -> 21 | AK12: =VLOOKUP(AI12,'DATA TRANSFORMATION 8'!A:B,2,FALSE) -> 687.54
P13: Id12 | Q13: =VLOOKUP(P13,'DATA TANSFORMATION 7'!A:F,6,FALSE) -> 23 | R13: =VLOOKUP(P13,'DATA TRANSFORMATION 4'!A:C,2,FALSE) -> 42.13 | S13: =VLOOKUP(P13,'DATA TRANSFORMATION 5'!A:C,2,FALSE) -> 11.9 | AI13: Id12 | AJ13: =VLOOKUP(AI13,'DATA TANSFORMATION 7'!A:F,6,FALSE) -> 23 | AK13: =VLOOKUP(AI13,'DATA TRANSFORMATION 8'!A:B,2,FALSE) -> 700
P14: Id13 | Q14: =VLOOKUP(P14,'DATA TANSFORMATION 7'!A:F,6,FALSE) -> 23 | R14: =VLOOKUP(P14,'DATA TRANSFORMATION 4'!A:C,2,FALSE) -> 40.92 | S14: =VLOOKUP(P14,'DATA TRANSFORMATION 5'!A:C,2,FALSE) -> 8.41 | AI14: Id13 | AJ14: =VLOOKUP(AI14,'DATA TANSFORMATION 7'!A:F,6,FALSE) -> 23 | AK14: =VLOOKUP(AI14,'DATA TRANSFORMATION 8'!A:B,2,FALSE) -> 722.99
P15: Id14 | Q15: =VLOOKUP(P15,'DATA TANSFORMATION 7'!A:F,6,FALSE) -> 20 | R15: =VLOOKUP(P15,'DATA TRANSFORMATION 4'!A:C,2,FALSE) -> 40.565 | S15: =VLOOKUP(P15,'DATA TRANSFORMATION 5'!A:C,2,FALSE) -> 7.02 | AI15: Id14 | AJ15: =VLOOKUP(AI15,'DATA TANSFORMATION 7'!A:F,6,FALSE) -> 20 | AK15: =VLOOKUP(AI15,'DATA TRANSFORMATION 8'!A:B,2,FALSE) -> 750
... P2336: Id2335 | Q2336: =VLOOKUP(P2336,'DATA TANSFORMATION 7'!A:F,6,FALSE) -> 59 | R2336: =VLOOKUP(P2336,'DATA TRANSFORMATION 4'!A:C,2,FALSE) -> 17.58 | S2336: =VLOOKUP(P2336,'DATA TRANSFORMATION 5'!A:C,2,FALSE) -> 4.51 | AI2336: Id2335 | AJ2336: =VLOOKUP(AI2336,'DATA TANSFORMATION 7'!A:F,6,FALSE) -> 59 | AK2336: =VLOOKUP(AI2336,'DATA TRANSFORMATION 8'!A:B,2,FALSE) -> 48970.25

Sheet HEALTHCARE DASHBOARD
K3: HEALTHCARE INSIGHTS DASHBOARD
E35: Average of Charges | F35: Column Labels
E36: Row Labels | F36: Diabetes | G36: Normal | H36: Prediabetes | I36: Grand Total | L36: Count of Customer ID | M36: Column Labels
E37: Normal Weight | F37: 11479.97 | G37: 20543.856 | H37: 18540.769 | I37: 17284.97 | L37: Row Labels | M37: No | N37: Yes | O37: Grand Total
E38: Obesity | F38: 7087.4227 | G38: 12339.852 | H38: 12153.11 | I38: 10483.967 | L38: No | M38: 1540 | N38: 307 | O38: 1847
E39: Over Weight | F39: 9134.9181 | G39: 15377.494 | H39: 16497.218 | I39: 13662.615 | L39: Yes | M39: 404 | N39: 84 | O39: 488
E40: Under Weight | F40: 17912.901 | G40: 26863.078 | H40: 25824.313 | I40: 23386.455 | L40: Grand Total | M40: 1944 | N40: 391 | O40: 2335
E41: Grand Total | F41: 9173.7453 | G41: 15700.448 | H41: 15200.076 | I41: 13411.324
E61: Average of Charges | F61: Column Labels
E62: Row Labels | F62: tier - 1 | G62: tier - 2 | H62: tier - 3 | I62: Grand Total
E63: R1011 | F63: 32861.436 | G63: 18997.281 | H63: 9250.3618 | I63: 19445.172
E64: R1012 | F64: 24775.306 | G64: 10312.047 | H64: 10179.942 | I64: 11831.817
E65: R1013 | F65: 30888.292 | G65: 8183.81 | H65: 6857.1092 | I65: 10302.197
E66: R1014 | F66: 13891.86 | G66: 2395.17 | H66: 16950.485 | I66: 13478.057
E67: R1015 | F67: 21523.52 | G67: 16433.907 | H67: 7570.755 | I67: 14489.801
E68: R1016 | F68: 39868.616 | G68: 16075.963 | H68: 8133.0084 | I68: 13589.263
E69: R1017 | F69: 34070.596 | G69: 11365.622 | H69: 8667.3662 | I69: 14806.108
E70: R1018 | F70: 33475.82 | G70: 10139.553 | H70: 12570.97 | I70: 13272.787 | L70: Row Labels | M70: Sum of Number Of Major Surgeries | N70: Average of HBA1C
E71: R1019 | F71: 27621.61 | G71: 8116.72 | H71: 12706.976 | I71: 13633.143 | L71: No | M71: 1417 | N71: 6.6704427
E72: R1020 | G72: 6760.5433 | H72: 11716.453 | I72: 9238.4983 | L72: yes | M72: 162 | N72: 5.1876389
E73: R1021 | G73: 7668.1787 | H73: 11518.786 | I73: 8933.3781 | L73: Grand Total | M73: 1579 | N73: 6.5789979
E74: R1022 | G74: 10102.027 | H74: 11637.812 | I74: 10650.521
E75: R1023 | F75: 18261.757 | G75: 13457.095 | H75: 12785.637 | I75: 13786.149
E76: R1024 | F76: 30744.581 | G76: 10174.346 | H76: 13360.979 | I76: 12577.691
E77: R1025 | G77: 6886.0368 | H77: 10510.314 | I77: 8788.7823
E78: R1026 | F78: 18709.798 | G78: 11919.608 | H78: 12296.78 | I78: 12489.921
E79: UNKNOWN | F79: 20996.53 | I79: 20996.53
E80: Grand Total | F80: 29602.752 | G80: 11799.192 | H80: 9450.2733 | I80: 13411.324
